0.0017555521253976966	0.005088081548029659	0.010476492606684179	0.0014370809638612652	0.0020789404940956217	0.008533323273949504	0.009161613864965112	0.00338569896605713	0.004055156980763491	0.002073731823172111	0.0037415328270078755	0.008235325314396373	0.0021840134359880463	0.00236122414205406	0.0024388772064802165	0.007415599717124871	0.011663507602223747	0.0020129787534633563	0.007527769986575797	0.0076536986608073555	0.004252007408051369	0.0022929853253995354	0.0020949737293216603	0.0018408312264081364	0.007540438659714309	0.002200958050367429	0.00981014662244609	0.0018163014480437774	0.0016768168193766982	0.0041531292388286185	0.002236023123901643	0.004153712163400715	0.0034009715814864775	0.0029579170086931777	0.01538797558557339	0.01728198931195818	0.0020290575604976053	0.00158397850860379	0.00325513103190973	0.0026023776669778305	0.0045042438942435575	0.004128835281635678	0.0018107516344596502	0.00131319212099627	0.0016223791163155225	0.002410541740433148	0.0018326719709131243	0.002205337376359442	0.0019340138806069628	0.0019184134973375697
0.0017613330947408227	0.005141097398273572	0.013822409993638056	0.0014376642571186397	0.002097859126933479	0.009816627602099675	0.01741816918015463	0.0034396891405239632	0.0041789448524585495	0.0020853508238548534	0.0037890264938221134	0.009129797627056653	0.0021893699647489726	0.0023720390480642464	0.002463314840690012	0.007623193648759198	0.023252650786889317	0.002026915229555773	0.008371272701531322	0.009951935728247357	0.0043234176986668114	0.0023036080037902437	0.002114543520138818	0.0018590733787304137	0.0078079398702359595	0.0022103074678635694	0.012091847779360919	0.0018349331995303872	0.0016849736231317745	0.004188242316476184	0.0022420941251920213	0.0042409517914846605	0.003449872601159618	0.002982997099659305	0.02924772196684005	0.030785562560048205	0.0020447754665339235	0.0015963374962884643	0.003325144229529301	0.0026315413350862234	0.004547609264786572	0.004179667663479964	0.0018201008597916464	0.0013176122968570996	0.0016249416758810776	0.0024210450330757523	0.0018555038244167624	0.0022205196647264664	0.0019369217395361828	0.0019277604742780551
0.0017670619958296643	0.005368272332770929	0.022272250829041912	0.0014382075468543452	0.002116757539989996	0.013675819257104108	0.035062376168060766	0.0034959650524419975	0.004441233319308494	0.002096872842104174	0.003927238912119245	0.011968656196560313	0.0021945945732434373	0.0023848629683843403	0.0024877583922025097	0.008150297752243178	0.04685692938686752	0.0020408203441628484	0.010931302193298327	0.016303967544075613	0.0043987155028618555	0.002314272652710534	0.002134087379978794	0.0018773328721188745	0.008537758425700728	0.0022195230742184176	0.018261874943416818	0.001853597773807628	0.0016930957961794548	0.004230882661390353	0.0022480287644864	0.004555464447809487	0.00350041097899725	0.0030078150053677068	0.05351076378902039	0.051004252145454836	0.0020604498865737504	0.0016087006413036606	0.0034195231881447596	0.002660802948587037	0.004711604430365453	0.00424229114679626	0.0018293915121660631	0.0013220126117060795	0.001627449590461363	0.002431373287579619	0.0018784211207639105	0.0022356074245182206	0.0019397379754978726	0.0019370396932008537
0.0017727627331511034	0.0060947644759123	0.036008856198635315	0.0014387109607535947	0.002135641015771539	0.021973723470733696	0.05824626018441939	0.0035636443556460273	0.005160537069268082	0.002108297051227617	0.004368094124074727	0.018088785644249785	0.002199691980332992	0.002407940789119597	0.0025124923573997776	0.009548225998516915	0.07631816992912577	0.0020547819937479363	0.01697309825049631	0.027623871217476482	0.004493475088599156	0.0023257507565160496	0.0021536038951781742	0.001895608740754568	0.01045199180792819	0.002228604371820965	0.029112978208801852	0.0018722982852023553	0.0017011897968727634	0.004308429203867234	0.00225384340399891	0.00553035034212755	0.0035596608766854925	0.0030323722470508006	0.07822304429037931	0.06707579403577232	0.0020760805656192256	0.0016210676214055027	0.0036114002393955232	0.0026908560448063636	0.005248099638704781	0.00435617159419721	0.0018386230720542076	0.0013263929630971789	0.0016299029207364124	0.0024415260870622106	0.0019014283612259434	0.0022505994219722734	0.0019424690991530725	0.0019462509504681374
0.0017785517720826684	0.007842184273449068	0.051243501420159765	0.0014391746331676373	0.0021545423841414736	0.03506879338057458	0.07735642794319592	0.003673159515703915	0.00697792923308525	0.0021196226379309176	0.005541236337645042	0.02763701365334911	0.002204686156271394	0.0024683113216402647	0.0025387643158265977	0.012622569369909738	0.09877098850330614	0.0020692163405549853	0.027746825537384	0.04167730361280188	0.004656088173210343	0.0023411293454388754	0.00217309262526681	0.001913900655113143	0.01449664188758449	0.0022375509110905255	0.0423876007805039	0.0018910553001521089	0.0017092901958148863	0.004498155192367413	0.002259618304880889	0.007881558757245957	0.003651696189007952	0.0030566919341530516	0.0907597715555332	0.07001746705310483	0.00209167115158706	0.0016334390917306196	0.004093712535989244	0.0027245712795386885	0.006611378180621032	0.0046295849029301915	0.0018477950242921915	0.0013307533080993842	0.0016323018192391167	0.002451503902233795	0.0019245532182655986	0.002265494743835238	0.0019451482414843445	0.001955395489749635
0.001784889047665097	0.011145616658261219	0.062107212464620774	0.0014395987801703774	0.0021736041060367002	0.050595079742486844	0.08408707444516632	0.0039035887729820017	0.010816775015370223	0.0021308487998986415	0.00807144645481152	0.03873464121313155	0.0022096776374140245	0.0026349469742125483	0.002570925576656098	0.018068034480099644	0.10442843480855568	0.0020856920290682145	0.042572223132547146	0.053709981630608514	0.005003132961084889	0.0023702259172374653	0.0021925577130801855	0.0019322109681531828	0.02130760422699254	0.0022463624084211797	0.053477345261995775	0.0019099612540521955	0.0017175436099444658	0.004967081896059952	0.0022656738547579694	0.012382286240620762	0.003840477840745604	0.003080882901732639	0.0860718232628246	0.05978344270803533	0.0021072416932197626	0.0016458202513724184	0.005253426369640904	0.0027713646381775326	0.009362522355979768	0.005289314705832458	0.0018569068590239624	0.00133509383835059	0.0016346469212721502	0.0024613112455283245	0.0019479170566300587	0.0022802938527131333	0.0019479145264133745	0.0019644810481952075
0.0017932979211060971	0.016202858066138935	0.06443705359616088	0.0014399837687144252	0.0021933384144439856	0.06410945806473282	0.07691177535677082	0.004419978620585086	0.017562566370495615	0.0021419748364999718	0.012567779050105405	0.04806883967312247	0.0022150240585359577	0.0030488989421051742	0.002621500191261515	0.025909947564991324	0.09284242614935727	0.0021091012881531896	0.0583732841077137	0.059277977822692465	0.0057583102887641575	0.0024386653079082176	0.0022120211733672075	0.0019505526537468517	0.03055662036447773	0.002255039190079823	0.05819508926738233	0.001929359081705916	0.001726473192168807	0.0059976745615043315	0.0022730836509910124	0.01939186935888152	0.004262913718832597	0.003105342759720118	0.06867671578432309	0.0429725457101571	0.0021228722982784454	0.0016582341974316279	0.0076887045427502425	0.002856583702785295	0.013892449287598734	0.006704760644005303	0.0018659580927331853	0.0013394157625091767	0.0016369406909787724	0.0024709680280009167	0.0019719628358863244	0.002295002570550511	0.0019512587677225162	0.001973540029458156
0.00180809463494184	0.022560780878749576	0.05804602293346961	0.0014403311719478145	0.0022153282184497677	0.07132816027494308	0.06058409609263281	0.005502842987641437	0.02752387908433056	0.0021530001469900763	0.019260283979469457	0.05259785003824621	0.00222182233832011	0.003944316102092716	0.002720887212998168	0.0351324278886406	0.07106468914882817	0.0021523617281213837	0.07081259493873336	0.05679546463737997	0.007265761448421961	0.0026024282133516622	0.0022315670632883635	0.001968974106383859	0.04068660400951759	0.0022635838444340856	0.055178095109091926	0.0019503435638098528	0.0017376851745279556	0.00796048255313269	0.0022849271532992526	0.028397788615663156	0.005158608858299567	0.0031313038277607642	0.04719676057286551	0.02661534746619398	0.002138833870313033	0.0016707659703399467	0.012092255035585163	0.003037421174728226	0.020080891112362914	0.009336480605313712	0.0018749482879059538	0.0013437237387070526	0.0016391927452435485	0.002480546939004594	0.0019980836739369287	0.0023096452319524502	0.0019566637609291014	0.0019826876087502806
0.001839882981702213	0.029089743404130536	0.04606415930155719	0.0014406447818809966	0.0022438502341640726	0.0702815937927892	0.041862925114131436	0.007538603510282628	0.03996060265384525	0.0021639251852851086	0.02767375641712493	0.051082531165378274	0.0022330120903312337	0.005634309560411237	0.002932167568796158	0.04383587933533945	0.04771016298093951	0.002244786868628515	0.07633649346015368	0.04792758557321066	0.009940934779342651	0.0029650033461033074	0.0022514662048723133	0.001987633730033041	0.049345270925272494	0.0022720057909785896	0.04616975922744617	0.0019759722661889557	0.0017554849963272259	0.011206559012124293	0.002308866731718375	0.03792097902617077	0.00686983954983603	0.0031620945925767367	0.028456523679966986	0.014466776911792701	0.00215593448245977	0.0016836886591953815	0.018979553423348176	0.0034233872741611057	0.027118700893361856	0.01358265921090808	0.0018838773017330825	0.0013480341709286203	0.0016414347775544906	0.0024902769071896533	0.002030116833926709	0.0023243036095522735	0.001968019657530147	0.0019922815239852023
0.0019114585072753346	0.03432979208978904	0.03261942904779821	0.0014409407340689488	0.0022890989485428725	0.061958269485153566	0.025749970593587686	0.01094220391592263	0.05301935900514837	0.002174751730433066	0.03657042546467578	0.044441468301383145	0.0022555365081677286	0.008440357239287311	0.0033680871510959236	0.04991785787045816	0.028511622624933196	0.002444115188628744	0.07374830438181937	0.03608172716623427	0.014141530051362657	0.0036886927665384242	0.002272495267164408	0.002006988399682793	0.05432387728233452	0.0022803367909993272	0.03450454742731593	0.002013793220686186	0.0017900410707669939	0.015896424719354686	0.0023615967844055796	0.045936300997681395	0.0097839797533638	0.0032056373666061767	0.01527524089154513	0.00700254154083062	0.002176318566663555	0.0016977850284832208	0.028348886384854704	0.004193269264347111	0.033660910237879774	0.019559348618577558	0.001892745549541777	0.0013523975355954304	0.0016437662686321162	0.0025008050020855696	0.002077403939933728	0.002339221025638354	0.0019942838778294796	0.002003315526433994
0.002065960340921614	0.037040912077592754	0.020837434925400942	0.0014412562507556614	0.002372661970447703	0.0493439168456071	0.014267571511484705	0.01601034792844441	0.0642108887047751	0.002185490398273827	0.044260719095148573	0.0349539811875561	0.002303948447329281	0.012568899705522841	0.004202379003292625	0.051904614307875435	0.015348141748617258	0.0028495706161454255	0.06442094201575325	0.02450018067867309	0.019986448474117364	0.004987398067259015	0.002296641068499016	0.002028244575921742	0.0544499246411299	0.0022886638519535795	0.02327455327252387	0.00208038533091666	0.001862661527533871	0.021835394631497113	0.002475163004214056	0.05061760747310418	0.01421067296152137	0.0032786747461653254	0.007387239722259331	0.003054341414918175	0.002205098138641783	0.0017150678692528232	0.039446811855616944	0.0055946643616574246	0.038274530653226876	0.02691409905389077	0.0019015562207825264	0.001356959154552606	0.001646458817526993	0.0025137621259669176	0.002160178965682874	0.0023550491398371337	0.00205369289383135	0.0020182600485874405
0.0023754431775693	0.03665870595903836	0.01211897392103535	0.0014417187601604192	0.0025353094660389673	0.03580738456848787	0.0071909291498511935	0.022747040985688728	0.0712365268371642	0.002196164313956306	0.04915998854423181	0.025061417256050995	0.0024054269401896766	0.017974235695201898	0.005663826521552396	0.04947515829829509	0.007515499168342796	0.0036098798571457882	0.05129998182731213	0.015144220957308718	0.027196984994978746	0.0070899283313354215	0.002328508609608068	0.0020542763362301868	0.04994982454437916	0.002297230893635091	0.014298149198383838	0.0022083119796959113	0.002013133612708181	0.028407523931219772	0.0027039281198911517	0.05100751759622191	0.020223175889185225	0.0034127496904124434	0.0032501358613769124	0.0012121958676317938	0.0022532436870832707	0.001740220129258518	0.050800386097701905	0.00791163583844482	0.039955685262771844	0.03478641512745712	0.0019103176973701962	0.0013620992127604792	0.001650212010199555	0.0025328790051389535	0.0023176028722621334	0.0023733840544109043	0.002179234845264873	0.0020426703307967744
0.0029459458553339228	0.03343468496555505	0.006467510927013394	0.0014425911663401266	0.0028458688630885825	0.023854127092957502	0.0033236828206383313	0.030736809821639156	0.072761860500807	0.0022068543274167424	0.050321736449908644	0.0165003715413204	0.0026052960813595294	0.024270564238461797	0.008002591786745249	0.04344840887294092	0.003374955099052536	0.00491772490781028	0.037512653719619135	0.008588740150085244	0.035047509320338094	0.010173014984782945	0.002377741622117128	0.002091377574890433	0.042176406799119756	0.0023066019099834056	0.008061510869077457	0.002454921456494034	0.00230779840411448	0.034667572891294476	0.003129310429691165	0.047282381060665235	0.027527217878481672	0.0036609628031307666	0.0013115360665260337	0.00044128919559293484	0.0023420485916976325	0.0017831178903812168	0.06055581116408917	0.011394756448709383	0.03845602715439095	0.041970384934588365	0.0019190587342156995	0.0013687409498132279	0.001656622511710987	0.002565850497981429	0.002617572330482657	0.002397780773937099	0.0024240168426580963	0.002087831920000058
0.003913704028014291	0.028242197565505146	0.00318833900715266	0.0014446144141239048	0.003408086225903553	0.014683404797856752	0.0014185545056664113	0.039139065323139974	0.06878331587058166	0.0022177255496779896	0.04770247371111153	0.010040137001528174	0.0029709434453630726	0.030748343611989883	0.011426595636920568	0.03533341966581197	0.0013995004667115107	0.00698311520253031	0.02534972688923186	0.004499182209676007	0.04247572277796087	0.014279077719102858	0.0024627636325994444	0.002152071484606529	0.03295969418183843	0.0023181326237807815	0.004199211852354605	0.002910847195048127	0.0028452956289353563	0.03957564336909664	0.0038581502967202606	0.04054544294424549	0.03542706186139153	0.004103084342239809	0.0004887605092216715	0.00014835493802205343	0.002508904786559267	0.0018627383619531346	0.06700350333130355	0.016164819731101718	0.034286625931325365	0.04723451020825623	0.0019278441859061231	0.001378951678332583	0.0016691208703430269	0.002627161907006572	0.003165533165834838	0.0024355261979706567	0.0028639364744799814	0.002174605912773777
0.005427788561871845	0.022199922087942366	0.0014603379182777968	0.001449123440823497	0.004360808135143085	0.00839883063820596	0.000562364590964383	0.046833010744343526	0.060477417828141325	0.0022292358973021943	0.042074640333550614	0.005677717419834135	0.0035911050146422026	0.03650956776530831	0.016019524597654558	0.02673779654593284	0.0005390312374165824	0.009984010313006279	0.01591931313780473	0.0021896446657108807	0.04833118480699272	0.019247574278875072	0.0026155665782244277	0.002259292747167607	0.023958915239720453	0.0023344917227460776	0.0020324614895828796	0.0037042210090597978	0.003755549464849576	0.04228665010705808	0.005010724087753671	0.03232980645687445	0.04292672243222533	0.004845427537211193	0.00016919010623297258	4.632096548940845e-5	0.002813307253766416	0.002012317438320119	0.0690723785328681	0.022119587715669534	0.028449890881624328	0.0496724912338901	0.0019368553336588986	0.0013970003442822913	0.0016943006891576746	0.0027415305623275836	0.004107602071001144	0.002500236306797168	0.0035943251557602396	0.002337982350031233
0.007617952559821643	0.016310634820185188	0.0006245632149681431	0.0014593040476428417	0.0058664893143330135	0.004486303508854736	0.00020812651355407827	0.05267666756230386	0.04968275741153225	0.002242256103507255	0.034682281060473885	0.002998668115292461	0.004567448544217079	0.040683153584803025	0.021665415204014063	0.018911556268548346	0.00019380444317136007	0.01400225339042862	0.009335937807178559	0.0009950170468705022	0.05167481430004761	0.024691665867397985	0.0028869648836147913	0.0024513053898211675	0.01627448001199046	0.0023612189932126566	0.0009186367482198551	0.0049956358952927375	0.005187524476329061	0.042379831671967946	0.006696826209933764	0.024082484176767827	0.0489474831574985	0.0060116680433897444	5.467246936745196e-5	1.3496884929174439e-5	0.0033407326422205115	0.0022850389862456755	0.06659712140974147	0.02888179448030853	0.02206585770883323	0.04894478585918857	0.0019464620703041123	0.0014310843477776305	0.001744108728418606	0.002947528652341356	0.005622413038080038	0.002615397592454218	0.004717786860383314	0.002631432228279833
0.010552305166809387	0.011246064622546695	0.00025050991324119544	0.0014800753579483669	0.008085159598545126	0.0022476256270955817	7.222081819699254e-5	0.0557912313866186	0.03829157370107439	0.00225879571937297	0.026825633338881997	0.001485526876981991	0.005996947112841397	0.04264447420482165	0.028010196981418378	0.01255296944947772	6.532602789675394e-5	0.01896257306620462	0.005135135228458757	0.00042403740636206205	0.052018319658560935	0.030039807392565364	0.0033502607255433614	0.0027868394935376167	0.010372672393463539	0.0024075543732197165	0.0003894221664838622	0.0069595217935552525	0.007283539791179424	0.03994501769691808	0.008982700081127403	0.016828535514843895	0.052590534128743816	0.007722517152285253	1.656215509563414e-5	3.6849381231808055e-6	0.004201460263614759	0.0027584320419167044	0.060278834982476666	0.03581887214912126	0.016061099111692078	0.04532751538931021	0.0019575496229399347	0.0014956363947664633	0.0018379700529902396	0.003299599024549701	0.007897466218502998	0.002817914521445431	0.006322666999082516	0.0031288370037287194
0.014195478287513809	0.007303312951203549	9.45908113373845e-5	0.0015216494262200136	0.011135305579318957	0.0010602012640196098	2.3585879274678785e-5	0.0557707515842074	0.027790221512812303	0.0022823364744846758	0.01954029225578755	0.000692925967351918	0.007946465246827383	0.0421616508910018	0.03448319620877308	0.00784820089488329	2.0719636310822632e-5	0.024597124305080813	0.0026593220516074605	0.00017011966657299983	0.049421666387448826	0.03463860534570248	0.004101563634937435	0.0033477456149501334	0.006226230688674695	0.0024902108616773706	0.00015541930359562527	0.009750933849016829	0.010142221255473323	0.0355097864690475	0.011856552992059526	0.011072887193577128	0.0533533145266618	0.010065490634547565	4.720610629891625e-6	9.459213407991871e-7	0.005521107905465754	0.003535149019500448	0.05139670881119089	0.042141457507265376	0.011010725050925933	0.039574417874769424	0.0019717409020230665	0.0016144634310397336	0.002005735489489879	0.003867460909951228	0.011089783464603799	0.003161340791773223	0.008455181464474259	0.003922205355750394
0.018381317329120794	0.004481849445770351	3.37356758746981e-5	0.0015972389284932	0.01504898554698025	0.0004724444339982719	7.272828766993449e-6	0.05275072927430596	0.01905546836487512	0.0023196886181587623	0.013448801834039494	0.0003053601231892296	0.010424690125411641	0.03942415587122302	0.04038275042562134	0.004636927357979508	6.203351500680757e-6	0.030454010554527754	0.0013010565130386312	6.446654966536448e-5	0.04442932863944522	0.037889246423509444	0.005253268471811618	0.00423808478963015	0.0035314836496892813	0.002632511795729439	5.859278663085724e-5	0.013461606147983156	0.013777551743229177	0.029855926851625088	0.015203569949835464	0.0068834002954648085	0.05122900795788741	0.013060571683043469	1.2699175265003027e-6	2.2896207291837309e-7	0.007421622227829692	0.004737068348926887	0.04141402293785348	0.047058205388303236	0.007132929175577291	0.03266923893755263	0.0019924105305326265	0.001823266045362207	0.002288296858198061	0.004730012631903148	0.015276652269333401	0.003715819470348914	0.01109186547461604	0.005112287007682298
0.02281253821129611	0.002606783327549416	1.1397373632373168e-5	0.001731474018060886	0.01973303589310722	0.00019948496802462627	2.1234010094661964e-6	0.047327532915433464	0.012382063762182434	0.0023814423003294485	0.008772122228611947	0.00012751278009839938	0.013359217069674596	0.03495737866318426	0.045007127541020375	0.0025966841985340947	1.7579232297479473e-6	0.03595582141091935	0.0006031818217379701	2.3142869914611662e-5	0.03788801892240565	0.03937619714516524	0.006920456512301031	0.005575355403622894	0.0018984083620042958	0.002871786552240302	2.0927046817767245e-5	0.018074987842674327	0.018085413237792662	0.02380495284953431	0.018800955764842295	0.004054958709788744	0.04666739741577731	0.016630932123019828	3.233225218970135e-7	5.238569748156351e-8	0.009993522388035468	0.006491154007446284	0.031627414843883574	0.049942231573586876	0.004379486620080758	0.025569977613026065	0.002025063359955662	0.002172587039049852	0.0027385561629281645	0.005964596823035623	0.02040807872991289	0.004565358877157963	0.014121137066710428	0.006792636587352675
0.027092971121732777	0.0014408971545362072	3.656738494460105e-6	0.0019498603325829554	0.02494988404948748	8.00232075979331e-5	5.884220917432375e-7	0.0403738919366546	0.00764530440952453	0.0024853097035602983	0.005437137638371996	5.058940685452813e-5	0.01658719655098959	0.029466173093939972	0.047794854736630116	0.0013819823753404659	4.7262408143668994e-7	0.040497601438628836	0.0002657091239412733	7.890791963546742e-6	0.030722219327285756	0.038949722719360654	0.009198352181651534	0.007475502030994164	0.0009698338564851875	0.0032500998546984962	7.09923712004045e-6	0.02343298642396264	0.022829845206558372	0.018044433041891253	0.02233878973988759	0.002269851204540207	0.040426542792121684	0.020589104864079763	7.809580345686844e-8	1.1352405438895599e-8	0.013264633791943928	0.008906403039314255	0.02295291903170429	0.05045960742564052	0.0025553703010996274	0.019023837870762984	0.0020797362240323647	0.002726111482606198	0.0034156739837085935	0.007629678779403395	0.02627563387346577	0.005797244383776237	0.017341885410338112	0.0090267387012155
0.03078808359493462	0.0007587547283477978	1.1166465670199414e-6	0.0022971201535474	0.03032791298380386	3.0569299503316196e-5	1.5508965191812696e-7	0.03282218046064302	0.004496730251856027	0.002655822995733299	0.0032103209911777926	1.911383524758456e-5	0.019865240681588018	0.023665833053663238	0.048434673753930145	0.0007007002034572765	1.20793042816402e-7	0.043559738875699514	0.00011148707324960683	2.5611076512456745e-6	0.02374100549859605	0.03674103521296561	0.012136613809309159	0.010028475541010476	0.00047199788536188183	0.00382849115657232	2.2926474889441683e-6	0.029227423293039047	0.027657346325525765	0.013033690853367919	0.025464951942663155	0.0012103443205441352	0.03337615538332388	0.024646028193257483	1.7934731786600493e-8	2.3341285888665618e-9	0.01717216193516017	0.01204545987237413	0.015868125888574395	0.0486243830882057	0.001420443067160905	0.013485538141906847	0.002170874333942289	0.003560049409547436	0.004381048561121112	0.009747088581723008	0.032510782563287155	0.0074896242333162034	0.020483063922272178	0.01182476463487328
0.03350012015943594	0.0003814790403330816	3.251670436701683e-7	0.0028057559755361684	0.03540416926429895	1.114345510355419e-5	3.8949230768327824e-8	0.02548176111892136	0.0025250630121072372	0.002928010698290331	0.001809713799511433	6.891619286765441e-6	0.022899387669323167	0.018149561760971725	0.046915954227703366	0.0003392009020639871	2.939807439291093e-8	0.04480556923844341	4.4652316440266655e-5	7.928788404442006e-7	0.017520825563305014	0.03311222062411841	0.015711961003473017	0.013273164724692945	0.00021931777168170512	0.004656132916555385	7.062398296000123e-7	0.035023323031819195	0.03214035710735096	0.008990312183891595	0.02784449626148825	0.0006161587886279093	0.026316343691748595	0.028444891076146697	3.9238464191106795e-9	4.5596398717145056e-10	0.021547572132886765	0.015895367265432933	0.01047355165390406	0.04477050360458236	0.0007538752124430089	0.009128249830164793	0.002321736558721617	0.0047504594278519685	0.005682807823919591	0.012283184608251826	0.03861905714056175	0.009689456709388106	0.023242161631547062	0.015122321448308898
0.03493909687374551	0.00018348934665870576	9.044709309497231e-8	0.003535597580239851	0.03969245238781913	3.883450469723944e-6	9.335014362548013e-9	0.018929486672869197	0.0013564531243166586	0.0033447463185555647	0.0009759729427306822	2.3756458196559864e-6	0.025389771611045452	0.013317466938192947	0.04351040027033088	0.00015708396472855008	6.8230066151136235e-9	0.04413841374207843	1.7104338657268357e-5	2.345456997028064e-7	0.012372835148573798	0.028562625965429078	0.019811227092855915	0.01717014159263483	9.749023283838035e-5	0.00580195407794698	2.078867632221932e-7	0.04031378365539405	0.03584217353508549	0.005933755730042676	0.02921898930707388	0.0003000740816349899	0.019855356932734804	0.03161407303359022	8.194425523483312e-10	8.472693373131129e-11	0.0261201255134137	0.020346306408161242	0.006613485522570332	0.039457346586545115	0.0003827880307135579	0.005911923097967528	0.0025615034390255582	0.006368851138106722	0.007349261458454477	0.015140325424638026	0.04404671478251368	0.012397893543659855	0.025334564988628225	0.018772157370048746
0.03497192575945085	8.458816311407486e-5	2.406651582974675e-8	0.0045021611815902205	0.042762266177404064	1.295948927998313e-6	2.138029391676358e-9	0.013479928892820452	0.0006983892554423479	0.003956830493547251	0.0005044702343516905	7.842285249372533e-7	0.02708016158080688	0.009366757578383924	0.03869686779514984	6.971512269166634e-5	1.5119663772502967e-9	0.04170575616215676	6.277158680840574e-6	6.640148380082144e-8	0.008375940030348285	0.023622441794809615	0.0242248765601961	0.021588098579656788	4.1531719228943085e-5	0.007284035683532679	5.856670038545655e-8	0.044595762863380045	0.0383889557093434	0.003754310017653989	0.02945096996504508	0.00014005973521879594	0.014360795905012	0.03382787776976817	1.636628646237363e-10	1.4996219872882685e-11	0.03054295852945402	0.02518380331644842	0.004002673090463203	0.033342468098069476	0.0001862933726751443	0.0036702571424419893	0.0029317447334946374	0.008454848138954826	0.009367410421386235	0.0181547675329735	0.04826660660750838	0.015548235909984928	0.026542100195805676	0.02254771374834001
0.03363861926222084	3.743512832503911e-5	6.133542661121511e-9	0.005759880234666524	0.044310048514381147	4.1472494161943115e-7	4.684752697240499e-10	0.009217453923384144	0.0003452071931446749	0.00481822374370708	0.00025034211474787697	2.4827966445308173e-7	0.02780059768449892	0.0063257325491616985	0.033055368867024856	2.9698570814775932e-5	3.202250932653088e-10	0.03785418004677883	2.210476991758123e-6	1.8016859317757088e-8	0.005444797673286461	0.018761622937787797	0.028662949003679765	0.026298679824986217	1.698369778963652e-5	0.009143590610433613	1.5814240149337734e-8	0.04745095839036813	0.03953175579677763	0.0022809312884850314	0.028543269646473905	6.275788273663171e-5	0.009973764442221582	0.03486065502916143	3.132122695298409e-11	2.5374540423606136e-12	0.034437257895933514	0.030101362073104508	0.0023259606945830826	0.02705818728681401	8.704424949079115e-5	0.002187920512868157	0.0034766486380801848	0.011018066364400189	0.011684910708302448	0.02111304412970489	0.05086405746096014	0.01900783619361703	0.02674914719467362	0.026167226933451353
0.03113409569345145	1.5928089976250152e-5	1.4988682899463667e-9	0.007266992451264318	0.044206468380814656	1.274371442754628e-7	9.828995820476868e-11	0.006061652139120517	0.0001640641337980714	0.0059758327380119575	0.0001194529808607656	7.548291770232415e-8	0.02749342874624516	0.004108401710703782	0.027160121873059932	1.21613194181045e-5	6.487153097124789e-11	0.03305147776821592	7.479540473585222e-7	4.691376908207493e-9	0.0034040440224842056	0.014331626495022561	0.03278372868152851	0.030996495642100337	6.676549821527833e-6	0.011313931140473403	4.098208097012263e-9	0.048612518393279666	0.03918444160221225	0.001332766238597695	0.026630170528599444	2.703619858191897e-5	0.00666191744621979	0.034622052699738066	5.75194320210578e-12	4.185540069069074e-13	0.037447710391849916	0.03473143223422753	0.0012997979856602191	0.021119718186794742	3.910596785957826e-5	0.0012543413677973893	0.004251271017803234	0.01399946959512725	0.014192697572339956	0.02377371590311894	0.051602875916036635	0.022572039833389634	0.02595821535901304	0.02932690819789906
0.027763188687067092	6.524443448171462e-6	3.51542234765782e-10	0.009047221270577428	0.04250986671235053	3.764420802195916e-8	1.9749735212734845e-11	0.0038393697202464697	7.507568199188084e-5	0.007469896342633477	5.488172438925251e-5	2.20638511919383e-8	0.026217502321000855	0.00256986839281945	0.021495646569025854	4.79316199043681e-6	1.2574839803664795e-11	0.027798387808638716	2.434815277985875e-7	1.173733624909683e-9	0.0020497725456712947	0.010544362399301215	0.03624136720306689	0.035327722951428164	2.5264621329618005e-6	0.013776946191766865	1.0205333809922833e-9	0.04800375471740974	0.03742992883070327	0.0007500315179732736	0.023945072643898745	1.121332891014664e-5	0.004285786100294308	0.03316596433365251	1.0113753255820003e-12	7.537263206335216e-14	0.03929603307275302	0.038693063381965626	0.0006995253494223185	0.01587758382490457	1.691618135759457e-5	0.0006925897263286216	0.005301063141407641	0.01730005596336327	0.01674796358256036	0.02590416333914318	0.050457352053955025	0.025996510808148465	0.02428273627229921	0.031746751807452483
0.023882117916415178	2.575976263184818e-6	7.919607367106985e-11	0.010967180221485708	0.03944539183265035	1.070089652735825e-8	3.789769125921911e-12	0.0023453263510258855	3.3119244450800415e-5	0.00930494262647718	2.43093303362602e-5	6.20739552033794e-9	0.024131288569775013	0.0015502878228255107	0.016408537042596035	1.8203788344913389e-6	2.3298428973823746e-12	0.022550834395043632	7.6337648322591e-8	2.8246996115840853e-10	0.0011904155694914002	0.007482158955012622	0.038731544328120225	0.038940111269318275	9.213703820034468e-7	0.016348386267815956	2.444917942947973e-10	0.04574082986512171	0.03449582256687342	0.0004070637121590172	0.020774518739114123	4.482980191488137e-6	0.002659127464577444	0.030673215000921985	1.6576891633479043e-13	2.2431487091565233e-14	0.03982275304562975	0.041644290565657334	0.0003630499812104453	0.011512468470994026	7.054387402037381e-6	0.00036879783500692843	0.006672362732147495	0.020736122204856634	0.019167078963097092	0.027310121142512446	0.04760495407816393	0.029009230931896265	0.021920659129861807	0.03320871673066217
0.01984079431124673	9.813623897390772e-7	1.7149336517474716e-11	0.013014192469044582	0.03535734768443977	2.9300731584618866e-9	6.810072606721463e-13	0.001383447763543412	1.4100960676584353e-5	0.011474113133918166	1.0392687701178675e-5	1.6825404327080585e-9	0.021460538263610895	0.0009030673679684511	0.012095620735791447	6.668824097765364e-7	4.0890749014311094e-13	0.017666580233669692	2.307398118250101e-8	6.544656458763983e-11	0.0006675988851274242	0.005126972207114144	0.04003887231688054	0.04152625696963739	3.24182652311204e-7	0.01895913797649181	5.641488438266912e-11	0.042102439889669156	0.03070762617432658	0.00021331881671429783	0.017410292207624162	1.7295042253723986e-6	0.0015931952432989684	0.027413971306620655	2.020941102492063e-14	1.4653346673171295e-14	0.0390071316191946	0.04333205235368162	0.00018192745088797132	0.008060931446467095	2.8392663254745415e-6	0.00018961875006268163	0.008382224134835982	0.0241135949122081	0.021270842291379363	0.02786836696237921	0.04338470897990162	0.03136573723347788	0.01911670912411377	0.033591359656820904
0.015937351168865282	3.611007809389437e-7	3.571995317322583e-12	0.014964632537905708	0.030647883155359462	7.735239627138791e-10	1.0017453289847701e-13	0.0007889308796959129	5.800265878209572e-6	0.01390065629150028	4.2927932398648405e-6	4.397902308535062e-10	0.018459107154813123	0.0005085520720285268	0.00862049252110531	2.358774325763592e-7	6.40299844918828e-14	0.013381116773852364	6.729806529067872e-9	1.459537507413479e-11	0.0003619572911844621	0.003396515640299464	0.04006270171619275	0.04287183483946616	1.1015719276862425e-7	0.021330337372466444	1.2548350760107859e-11	0.03747514285199893	0.026432008082648055	0.00010805941143230964	0.014109503799448236	6.445108130265684e-7	0.0009228343103372065	0.02370018305924319	-4.0538818665874406e-15	1.3565443907031123e-14	0.03696385496299734	0.04362613643871284	8.812278503124075e-5	0.005456893615509099	1.1040560572214046e-6	9.424092390232971e-5	0.010432565317660965	0.027173000482049767	0.022880870813176003	0.027538373123627835	0.03823331560109723	0.03286028104444477	0.01612257325371321	0.03288126642215872
0.012391050360893174	1.2844491882654603e-7	7.164553519937811e-13	0.016800929988004094	0.02571591781411162	1.9708476603396756e-10	-3.976932522831357e-15	0.0004354053851702495	2.307159751794445e-6	0.016513660105424054	1.7147981397688448e-6	1.1093821597357865e-10	0.015371584115157124	0.00027715338520527434	0.005946451892485771	8.061790310138865e-8	4.725309338733302e-15	0.009809725139967033	1.8955083858713776e-9	3.1152430767128206e-12	0.00018992668226899823	0.0021778269145359287	0.03883105093348079	0.04287831788179418	3.6182951239104406e-8	0.023403472576413387	2.6889544696269368e-12	0.03228904286188992	0.0220226723421146	5.296691570475132e-5	0.011068763709744774	2.322094386631646e-7	0.0005173319697045548	0.019838697733587676	-7.98553414363647e-15	1.3420703038415075e-14	0.033917385482721926	0.04253442141501355	4.130331047086846e-5	0.0035754221858068733	4.151679954779766e-7	4.5321825272236605e-5	0.012780043670936169	0.029711863596593766	0.023872948373151515	0.026369492222802063	0.03261474593328439	0.033378683523684595	0.013163141643231902	0.031173252690454758
0.009334161241358399	4.420101276720593e-8	1.3893217825797033e-13	0.018256346365798707	0.020907855352286255	4.8545178746995784e-11	-2.1908919546241013e-14	0.0002327839196568422	8.881716009617277e-7	0.019145746896726053	6.629949199673969e-7	2.7013579705409303e-11	0.01240446884850157	0.00014631871997367274	0.003974228875474943	2.6644229586846886e-8	-5.043458139812638e-15	0.00696775651868755	5.159465214999054e-10	6.147142305238127e-13	9.654456241588359e-5	0.0013529368371556418	0.0364864484466577	0.041577881725011395	1.1498405959073473e-8	0.024880951995957468	5.505295113837263e-13	0.026956702581984	0.017778583707365316	2.5145458202159592e-5	0.008413930062867775	8.095015392160622e-8	0.0002809546155989473	0.016093866973473002	-8.607395450507226e-15	1.3402408323236602e-14	0.030162539126352764	0.04019399990395943	1.8749905153054725e-5	0.002269748290678554	1.5110547982986864e-7	2.1110176500224314e-5	0.015352808776626287	0.03150175065056531	0.024161735077976657	0.024484401275169144	0.02695748981332783	0.03288494255233874	0.010413889208854011	0.02864692450777831
0.006819224169348294	1.4725636982311116e-8	2.6564069272120102e-14	0.019365000673705536	0.016486521835904523	1.1613731206341982e-11	-2.487442229521948e-14	0.00012067246248956727	3.311514684813533e-7	0.02168534086923479	2.482888958914493e-7	6.337087056580116e-12	0.009709277887404626	7.489724789974317e-5	0.002575943595207455	8.520860752401519e-9	-6.584822412573659e-15	0.004799779320999495	1.3580592010655497e-10	8.845670690861134e-14	4.7585604305127605e-5	0.0008151054753444111	0.03326248396403152	0.03911721402335322	3.538098581539179e-9	0.025797267557241106	1.0226803393192708e-13	0.021826526198078438	0.01391945855785992	1.1571673307249552e-5	0.006203279230355536	2.7324598016103333e-8	0.00014795213585047618	0.012664375561357733	-8.703783634601854e-15	1.3400215728008081e-14	0.026019033490738405	0.03684504515226693	8.251011511202749e-6	0.0013973777630913121	5.3273012701792427e-8	9.531600347016292e-6	0.018038246245244804	0.03244276052130825	0.023743692955567205	0.022061828957605483	0.02160956305853609	0.03145098586536011	0.007990977714931964	0.02553926006669306
0.004835952795447038	4.752341595218648e-9	5.523729147103957e-15	0.019886300808499714	0.012619676673929589	2.7467439256239296e-12	-2.5345613699102685e-14	6.070426221898277e-5	1.1966114166334735e-7	0.023911855086584523	9.012498200375959e-8	1.4144875192666522e-12	0.007377781154901622	3.720296190490662e-5	0.0016206940171793805	2.638276409945757e-9	-6.8177403642454594e-15	0.0032094950110560065	3.4585743010806267e-11	-1.8736023590361938e-14	2.276097782113689e-5	0.0004766743164708025	0.029443021426970393	0.0357357089075273	1.0549883136175752e-9	0.025919941133361078	1.1295166406000017e-14	0.017155189748321753	0.010578798440499592	5.165957513206196e-6	0.004439723960924272	8.936436487349115e-9	7.561186918663692e-5	0.009675175431067759	-8.718473089582215e-15	1.3399967272519036e-14	0.021790118377515162	0.0327907444893624	3.5225235877448544e-6	0.0008350734487685171	1.820657679627683e-8	4.175139546553837e-6	0.020692686418429224	0.03243425929497783	0.022661124087132334	0.019304697176943914	0.01681519540313835	0.029212470125767727	0.005952596823367424	0.022106201836651136
0.0033318839850334046	1.486503346282623e-9	1.7314184835283227e-15	0.01994998861963907	0.009385032989322108	6.892277948417932e-13	-2.5417561114178002e-14	2.9656228404292863e-5	4.193046030961874e-8	0.0257345977211447	3.1727232854578275e-8	2.807955781096575e-13	0.005447009457677078	1.794587134875986e-5	0.000990635849211098	7.912749943567217e-10	-6.851435962983665e-15	0.002085017362575691	8.523746396767271e-12	-3.990734228830641e-14	1.0573204283374839e-5	0.00027080962556674516	0.025325707843383824	0.03172360964282091	3.0508535045749415e-10	0.0254229509439247	-6.6144130403956015e-15	0.013099937954097671	0.007811064295430332	2.238873591761928e-6	0.003087252451833641	2.833312083282593e-9	3.7529970387793584e-5	0.007181994205738506	-8.720678877325222e-15	1.339994076748161e-14	0.01773069309082708	0.0283548801981712	1.460007470532216e-6	0.00048481086200384885	6.0359800542489444e-9	1.7755007053412962e-6	0.023166777046632267	0.03153950841607602	0.02102687533553932	0.016417096517586396	0.012712098114753373	0.02637595324793425	0.004308234624224137	0.018593109101511372
0.002232084992410301	4.5087075977614496e-10	1.0733570157570056e-15	0.019391272385835927	0.006786445709645647	2.2740615564924553e-13	-2.542811985033848e-14	1.4079923024362941e-5	1.4255385677515384e-8	0.026949493148554673	1.0837913718041019e-8	2.7942581419797772e-14	0.003910481280947536	8.412574141089397e-6	0.0005887325343086468	2.2997312159464225e-10	-6.856100066741233e-15	0.0013170035962865715	2.030752888440955e-12	-4.397053328941705e-14	4.773413088804747e-6	0.00014958160793424616	0.021184090519425575	0.02738687284072179	8.563912215818635e-11	0.024178465744800266	-1.0042174923470433e-14	0.009726491737418389	0.005607845107978424	9.425628205879636e-7	0.0020874640866158922	8.712849528248791e-10	1.8104811281196785e-5	0.005184247403723793	-8.72100541588453e-15	1.3399938123337317e-14	0.014029109574802533	0.02384198336856231	5.87895883726995e-7	0.0002736487622900187	1.9424774772264643e-9	7.33505586115e-7	0.02528667142886936	0.02980910947621371	0.01897392162996905	0.013578081058329677	0.009344226104567279	0.023159968179525488	0.0030319782347423296	0.015206938135352625
0.0014550457975712214	1.3266071400053795e-10	9.63411649264626e-16	0.018434361526805824	0.0047752973882060025	1.2704296915242385e-13	-2.5429609282192664e-14	6.500517465203752e-6	4.704305071140967e-9	0.02755282690600927	3.5940361414730886e-9	-2.6740887706079795e-14	0.0027319371847434326	3.8348349603930545e-6	0.0003404334824089713	6.478343687394258e-11	-6.8567172796059415e-15	0.0008094550531517132	4.645547234547534e-13	-4.4730063647738754e-14	2.095753193657336e-6	8.038543835613994e-5	0.017244627226298933	0.023008141945543625	2.3360925203159253e-11	0.022477393095123373	-1.068153465441157e-14	0.007027335220461824	0.003917662745032973	3.856957380276e-7	0.0013734923996929355	2.5998743078789664e-10	8.494135682584987e-6	0.003641726879598618	-8.721053018188008e-15	1.3399937879393708e-14	0.010801835320703	0.019508307830392892	2.3012096130614838e-7	0.00015027986153559616	6.072000143461246e-10	2.945670144045662e-7	0.026931784460419113	0.02744229840335323	0.016667899467531663	0.010929955134898344	0.006683657801200454	0.01979579357435383	0.002076420791467448	0.012103684449806976
0.0009236342606668268	3.787825683360769e-11	9.457252263957099e-16	0.016995143595532412	0.003272087742746283	1.059035754835661e-13	-2.5429811234823026e-14	2.920181832382001e-6	1.50746551763939e-9	0.027418793039579843	1.157457832226703e-9	-3.822423523437083e-14	0.0018586228428834992	1.7008651262195698e-6	0.00019166978261804708	1.768315483837345e-11	-6.856795278508666e-15	0.0004844283077591634	9.855716695468922e-14	-4.486869909153107e-14	8.953646484172967e-7	4.20583582487132e-5	0.013670619470481926	0.01882406868080078	6.205154615165307e-12	0.020276019032210463	-1.0798057069621372e-14	0.004944109169995948	0.0026651313106713158	1.5348317176938653e-7	0.0008800437824144441	7.530790446342843e-11	3.878029491427761e-6	0.0024912662840788392	-8.721059834370485e-15	1.339993785899868e-14	0.008099167576902825	0.015544151313638416	8.761283884057431e-8	8.034971528808155e-5	1.844754452130774e-10	1.1505577427369558e-7	0.027959698030312896	0.024584588581299135	0.014258199726562401	0.008568681098199657	0.004655282263791257	0.016476883677755603	0.0013847690430662972	0.009381524200537282
0.0005713132399863556	1.0498736236050055e-11	9.429859889311738e-16	0.0153445499934752	0.002184809261932147	1.0158306374802631e-13	-2.5429837554701155e-14	1.2770681643204766e-6	4.692252413199695e-10	0.026660077083957047	3.620986221950283e-10	-4.0569502042081677e-14	0.0012322148161028786	7.343922128699576e-7	0.00010513754106483155	4.666830941277028e-12	-6.856804677268291e-15	0.00028247444567751644	1.5646208775274173e-14	-4.489347088421823e-14	3.724333397188745e-7	2.1437410210949886e-5	0.010561263887983329	0.015007793162475693	1.6136597449556837e-12	0.017905677226902585	-1.0818859639206449e-14	0.0033896001713147675	0.001766721939461973	5.942417562333552e-8	0.0005494713479308179	2.1182966079163612e-11	1.723867770186223e-6	0.0016608003188905008	-8.721060789751786e-15	1.3399937857519025e-14	0.0059177281905137494	0.012069316577155641	3.246103158019629e-8	4.1851704928682094e-5	5.449966740040317e-11	4.3732549813858734e-8	0.028342127638749003	0.021482547046033397	0.011889282666927571	0.006546885048010054	0.003159646091155938	0.01336777567219633	0.0008999204479992404	0.007086286276527791
0.0003445677076894174	2.8258875027739602e-12	9.425775849759773e-16	0.013447837063592753	0.001422483028316881	1.0072507984007042e-13	-2.5429840851464505e-14	5.439595765956226e-7	1.4191720252627173e-10	0.025247902550471955	1.1004042902289147e-10	-4.1036154066092615e-14	0.0007965888167815551	3.0883739709335863e-7	5.6221204699246054e-5	1.179255476219162e-12	-6.8568057549336476e-15	0.00016058459194629446	-2.5733894588073377e-15	-4.48978141374005e-14	1.5090667121365132e-7	1.0650909670251164e-5	0.00795621169081464	0.011667633354313964	4.18558536606958e-13	0.015353716256248394	-1.082250612635704e-14	0.0022659685290755253	0.0011419740987086088	2.2394234750022155e-8	0.0003345202581256973	5.788826028385805e-12	7.464662557456175e-7	0.0010796337059323607	-8.721060920334494e-15	1.3399937857436737e-14	0.004216241225970697	0.009137925105716536	1.1709855020669188e-8	2.1248904234550786e-5	1.5658119085278244e-11	1.6184065637285747e-8	0.028013840468796368	0.01828829921989431	0.009666066480152481	0.004877916797651083	0.0020910965664152027	0.01057438090742648	0.000570256367635186	0.0052193912322658215
0.00020274893342139025	7.392721101785167e-13	9.425189799492336e-16	0.011558048480106033	0.0009036286002592539	1.0055928220807527e-13	-2.542984124829538e-14	2.2576321309779788e-7	4.172337436970371e-11	0.023385847334726394	3.246122465752229e-11	-4.1126790913383705e-14	0.0005024538618501088	1.2655068036446278e-7	2.9323566238683946e-5	2.729921380044198e-13	-6.856805872175922e-15	8.905271434391005e-5	-6.460083149227293e-15	-4.489856277563815e-14	5.959183024912568e-8	5.1609072980352925e-6	0.005848405496744168	0.008850491186087113	1.1569711854047355e-13	0.01290931535037508	-1.0823134856404702e-14	0.0014779913642016937	0.0007201888508810045	8.217595467594283e-9	0.0001986978529326712	1.538381184766248e-12	3.150081185950883e-7	0.0006847911371294135	-8.721060937675209e-15	1.3399937857435252e-14	0.00293102755339956	0.006750459367711268	4.1146624686598545e-9	1.0521692033124624e-5	4.368512750788604e-12	5.833921249262916e-9	0.02706343716427341	0.015206308862088753	0.007669838231649614	0.0035465023914571835	0.0013502681521158119	0.008163494826217869	0.000352559860890117	0.00375112230626947
0.00011645742053501243	1.8849039520944297e-13	9.42510888090812e-16	0.009650248011625812	0.0005603904330279216	1.0052805292168778e-13	-2.5429841294190092e-14	9.133557848463281e-8	1.1933653555417807e-11	0.02111405228271454	9.26473473653519e-12	-4.114400956329295e-14	0.00030939853964201413	5.0547863864619406e-8	1.4925387530465183e-5	4.454396947701962e-14	-6.856805884228859e-15	4.8198641930132865e-5	-7.26565140097946e-15	-4.489868978758532e-14	2.2944443634309784e-8	2.440077029768653e-6	0.0041971311204696115	0.006554491891139937	4.0878716784117733e-14	0.010545092245334474	-1.0823241597463331e-14	0.0009411366460899929	0.0004433903373425552	2.9372148349552137e-9	0.00011521189733425033	3.9878142685193573e-13	1.2960185496222138e-7	0.0004240411289635929	-8.721060939905161e-15	1.3399937857435718e-14	0.0019892732505213573	0.004868493240340339	1.4089619031245803e-9	5.083637567712296e-6	1.1744360444222435e-12	2.0493719961223193e-9	0.025507237208359387	0.012330709433840516	0.005940626292781279	0.0025174431703631943	0.0008511911305308262	0.006151967089714702	0.00021278115780585583	0.002631969237138103
6.533190111520008e-5	4.7353779169719034e-14	9.425098134022836e-16	0.007913002477973819	0.00033945504867129845	1.0052230885406562e-13	-2.542984129928888e-14	3.6030884766506726e-8	3.3292351960977182e-12	0.01866429525912747	2.525179187884513e-12	-4.1147215358410297e-14	0.00018609329944600835	1.9687869742551703e-8	7.416981454692932e-6	-1.1330738001786259e-14	-6.856805885392586e-15	2.5472749724730455e-5	-7.428030161570232e-15	-4.4898711003463846e-14	8.617167268386273e-9	1.1262014972250818e-6	0.0029424193948476424	0.00474166227419766	2.2836282654047755e-14	0.008460402936170173	-1.0823259442428327e-14	0.0005853738807792198	0.00026662913260075074	1.0229158904355452e-9	6.524682819882275e-5	1.0202140977496418e-13	5.2003525292566164e-8	0.0002564814122738724	-8.721060940182083e-15	1.3399937857435816e-14	0.0013188326134316694	0.0034298640309798276	4.703573678198249e-10	2.397742119250909e-6	2.9408088519367717e-13	7.018851084901994e-10	0.023524113853583564	0.009778592420587302	0.004495918209950413	0.00174573052363757	0.0005241211163805739	0.004529836141245439	0.00012542845592846858	0.0018040079508690084
3.581316088607093e-5	1.2240542820501896e-14	9.425096761697394e-16	0.006307611886349913	0.00020094762017967732	1.0052127522121129e-13	-2.542984129983289e-14	1.3863995626598298e-8	9.145088364263073e-13	0.016095090777796223	6.221442558736163e-13	-4.114780135085334e-14	0.00010938284772018514	7.479798692306799e-9	3.600026127364956e-6	-2.459298959833025e-14	-6.856805885497069e-15	1.3151139476938452e-5	-7.459898342993257e-15	-4.4898714490351415e-14	3.158084194488668e-9	5.076282327335628e-7	0.0020160927327338876	0.003352646104723668	1.858263891712992e-14	0.006597219925677652	-1.0823262377648129e-14	0.00035582318656342244	0.00015668501677533467	3.471960300065454e-10	3.610677661551163e-5	2.69509946619122e-14	2.0357439304536527e-8	0.00015160629091040166	-8.721060940215228e-15	1.3399937857435831e-14	0.0008545442727417064	0.002361616142568947	1.5314234207427358e-10	1.104470994482364e-6	5.748236665352268e-14	2.344819416314508e-10	0.021177903585786167	0.007569688034093385	0.0033249049630617363	0.0011831852203640098	0.00031539500656713746	0.0032593365004559924	7.224889830074433e-5	0.001208491713212033
1.9191752447834132e-5	3.75855751412927e-15	9.42509659329242e-16	0.004944827724421669	0.00011630440889145706	1.0052109291948238e-13	-2.542984129988861e-14	5.2046818423357246e-9	2.560318572250862e-13	0.013603661018045915	9.984598928177802e-14	-4.114790666363767e-14	6.286006131982531e-5	2.7726688181332087e-9	1.7073774847990153e-6	-2.7648374123959296e-14	-6.8568058855056396e-15	6.635531248833468e-6	-7.465996032694019e-15	-4.4898715053369754e-14	1.1298655349175595e-9	2.2354288807406127e-7	0.0013508246067647023	0.00231803478805193	1.7600634653304383e-14	0.0050614155215074124	-1.0823262851859707e-14	0.000211477550480711	9.002189737833775e-5	1.1488142061857219e-10	1.953353262384533e-5	8.500913636880738e-15	7.776823228392378e-9	8.761787283105041e-5	-8.72106094021904e-15	1.3399937857435836e-14	0.0005414309457403676	0.0015900548282500385	4.86480930115591e-11	4.970530920410967e-7	-4.582217848264226e-15	7.64575217877378e-11	0.018678528768133345	0.005737754920917807	0.002405130988426575	0.0007842028814968595	0.00018556857419628768	0.0022938889109458144	4.068493410826576e-5	0.0007916493818269368
1.0058262241379827e-5	1.7691626264641807e-15	9.42509657344433e-16	0.003770541349344693	6.584340533925368e-5	1.0052106135606801e-13	-2.542984129989408e-14	1.906733975929856e-9	8.155120663681652e-14	0.01122540740149581	-3.9492756149042697e-14	-4.11479252877192e-14	3.533417130613055e-5	1.0030600759675315e-9	7.915031827826654e-7	-2.833170312766535e-14	-6.856805885506258e-15	3.27323253803075e-6	-7.467135281747822e-15	-4.489871514249208e-14	3.9477135493276403e-10	9.620933779859396e-8	0.000885444197145616	0.0015680152439178194	1.7378259647425253e-14	0.0037749196923292827	-1.082326292693949e-14	0.00012294655553386424	5.058925364002092e-5	3.706662318194417e-11	1.0335169773635925e-5	4.095054264538418e-15	2.8998371562952193e-9	4.9530142124010255e-5	-8.721060940219481e-15	1.3399937857435838e-14	0.00033559714109873294	0.0010473442130549213	1.5082421395062048e-11	2.1862994940417571e-7	-2.0490920085582467e-14	2.4358453899380025e-11	0.016090261196381034	0.0042488164793058674	0.0017017437381739373	0.0005084835420779562	0.00010680069738846769	0.001579099267119845	2.2407016555397092e-5	0.0005073268206180093
5.157469859401636e-6	1.3161406278340384e-15	9.425096571199176e-16	0.0028315599320745443	3.64760537002156e-5	1.0052105598498763e-13	-2.5429841299894588e-14	6.818032003956998e-10	3.6628341551611814e-14	0.00908812485342948	-7.562599275016029e-14	-4.114792852924335e-14	1.9434955832293615e-5	3.54205898236249e-10	3.5876885945608454e-7	-2.8480084664222125e-14	-6.856805885506283e-15	1.579129499864563e-6	-7.467343472889792e-15	-4.48987151562878e-14	1.34759809487973e-10	4.048177518675986e-8	0.0005680707914400551	0.0010381627632401194	1.7328782733934842e-14	0.002774935547804196	-1.0823262938558642e-14	6.994775015610642e-5	2.7818449594559414e-5	1.1666807497639164e-11	5.350190151991541e-6	3.0727393351681027e-15	1.0556608659632819e-9	2.739816693126935e-5	-8.721060940219532e-15	1.3399937857435838e-14	0.0002035863981555449	0.0006752077392462841	4.563736236386602e-12	9.402155966776681e-8	-2.448035642361348e-14	7.6005286621956e-12	0.01359563191698144	0.0030844164340574545	0.0011788711448860358	0.00032271496492792433	6.015137385801212e-5	0.001064312470881034	1.2073962464846189e-5	0.00031821679147538015
2.588289711769469e-6	1.2159916469926752e-15	9.42509657095563e-16	0.002069166123374289	1.978094699800514e-5	1.0052105508612203e-13	-2.5429841299894632e-14	2.37996385343606e-10	2.539133344453561e-14	0.007188830308447811	-8.473346471309334e-14	-4.1147929084211275e-14	1.0464108935220087e-5	1.220996008519266e-10	1.5905311172002729e-7	-2.8511373898611786e-14	-6.856805885506271e-15	7.453096138830218e-7	-7.467380754737462e-15	-4.489871515837067e-14	4.4965250081295503e-11	1.6657991767565573e-8	0.00035685280608670976	0.0006730797680215949	1.731795031080917e-14	0.001983007494554495	-1.0823262940311658e-14	3.895870832966299e-5	1.4973890827990366e-5	3.585642724834129e-12	2.710777356848639e-6	2.842244140639148e-15	3.752525489231725e-10	1.483575944962144e-5	-8.721060940219557e-15	1.3399937857435838e-14	0.00012092419809396003	0.0004262225632913729	1.3463980802946091e-12	3.95458569653606e-8	-2.546038925049805e-14	2.338964141873233e-12	0.011225674394219294	0.0021889346923150378	0.0007994890509513976	0.000200539834022666	3.316555913856165e-5	0.0007022519649814661	6.367739130487602e-6	0.00019543099998138607
1.2717378265501177e-6	1.1945018612861186e-15	9.425096570930315e-16	0.0014912248077887113	1.0504657224024023e-5	1.0052105493818903e-13	-2.542984129989463e-14	8.111172966185281e-11	2.2661009711959115e-14	0.005584573002741139	-8.696442577520143e-14	-4.1147929177560076e-14	5.5169636944843975e-6	4.107746415488963e-11	6.898403946965899e-8	-2.851778260424507e-14	-6.856805885506258e-15	3.4423936615625507e-7	-7.467387309228491e-15	-4.489871515867663e-14	1.4674948471625e-11	6.705526849047887e-9	0.00021958598405670006	0.0004274820779733129	1.731561364376215e-14	0.0013992973308284665	-1.0823262940568858e-14	2.1250497646937583e-5	7.892483639592794e-6	1.079120283187507e-12	1.3447444904885655e-6	2.791749354014345e-15	1.3026145943455269e-10	7.866529571439712e-6	-8.72106094021957e-15	1.3399937857435838e-14	7.035202058566523e-5	0.0002635479585936652	3.8540630405243537e-13	1.627305423956604e-8	-2.5696553369746915e-14	7.255450183393707e-13	0.009102629192893882	0.001524657106927777	0.0005313156269336798	0.000122074096147939	1.7908432792328223e-5	0.0004540734530091514	3.2880038105582986e-6	0.00011756936659379154
6.119648227781655e-7	1.1900270048831345e-15	9.425096570927794e-16	0.0010460406734116709	5.464530390675215e-6	1.0052105491426366e-13	-2.5429841299894623e-14	2.6993526296558992e-11	2.2016782758801786e-14	0.004241713945083206	-8.749544130665847e-14	-4.114792919296028e-14	2.8491474111079185e-6	1.3472222136025247e-11	2.9277607513608678e-8	-2.851905794716734e-14	-6.8568058855062454e-15	1.5563415673758553e-7	-7.467388442545277e-15	-4.489871515872026e-14	4.68994090638164e-12	2.6412526888214926e-9	0.00013240106566310623	0.0002660724648711531	1.7315116617176744e-14	0.0009596530701744871	-1.082326294060547e-14	1.1355689337390469e-5	4.074823042268798e-6	3.21082154682319e-13	6.533491411042059e-7	2.781001879429147e-15	4.4157177818059536e-11	4.085819537076968e-6	-8.72106094021957e-15	1.3399937857435838e-14	4.0104646438609016e-5	0.00015968533968222664	1.0494863239545485e-13	6.553388298570418e-9	-2.575245507665202e-14	2.4207562832261005e-13	0.007215754698225748	0.0010387204359696479	0.0003459413212143909	7.281265213388771e-5	9.473321650064489e-6	0.00028763989826120187	1.6627268940814963e-6	6.930329935159714e-5
2.8848679632458375e-7	1.1891230172200584e-15	9.42509657092755e-16	0.0007246634944157708	2.7854109927054756e-6	1.0052105491046615e-13	-2.5429841299894613e-14	8.773945211437572e-12	2.1869224007841943e-14	0.0031669305619039362	-8.761822177909558e-14	-4.114792919544705e-14	1.4416937596323088e-6	4.290309024277592e-12	1.2161658133670913e-8	-2.851930462085571e-14	-6.856805885506233e-15	6.88930620244617e-8	-7.467388635550908e-15	-4.4898715158726293e-14	1.4719051793617173e-12	1.0182836134145096e-9	7.82551442061854e-5	0.00016235122471763288	1.731501233397203e-14	0.0006511408173187586	-1.0823262940610513e-14	5.9467301452164175e-6	2.0613288934332736e-6	9.752437659482882e-14	3.109861021621688e-7	2.778779630115302e-15	1.4614019736123645e-11	2.079331754841278e-6	-8.72106094021957e-15	1.3399937857435838e-14	2.2408381949265005e-5	9.48427505901213e-5	2.492817108648957e-14	2.583580632136466e-9	-2.576546983369774e-14	1.0041295809389733e-13	0.005624161189883452	0.0006953309357405231	0.0002208943116727089	4.257314752744111e-5	4.910872398524864e-6	0.00017870290345079962	8.237012359164058e-7	4.0045263457749364e-5
1.3326428315269144e-7	1.1889459141409858e-15	9.425096570927524e-16	0.000488690195260303	1.3915866587730726e-6	1.0052105490987566e-13	-2.5429841299894607e-14	2.7870044925988644e-12	2.1836430764041893e-14	0.0023133287264763365	-8.764578993828867e-14	-4.114792919583922e-14	7.149743090709646e-7	1.3083541475604349e-12	4.945365983628666e-9	-2.85193510152894e-14	-6.85680588550622e-15	2.9865395506438564e-8	-7.467388667956563e-15	-4.48987151587271e-14	4.574009108033405e-13	3.8434652369381517e-10	4.53512202984197e-5	9.715061668233327e-5	1.7314990756619884e-14	0.0004291848757919902	-1.0823262940611185e-14	3.0527429011010643e-6	1.0219892558052336e-6	3.322351712587702e-14	1.4506055026604367e-7	2.7783333161973233e-15	4.717219899021166e-12	1.0371288856740466e-6	-8.72106094021957e-15	1.3399937857435838e-14	1.2276055635499892e-5	5.523494434382317e-5	2.5918087085246657e-15	9.973857820599964e-10	-2.576845340504964e-14	5.979583536791456e-14	0.004286908939472137	0.0004554542727491122	0.00013828344546310315	2.4406430695110486e-5	2.4954717850905983e-6	0.00010883921847182477	3.998400204740732e-7	2.2687672133055276e-5
6.033930688345946e-8	1.1889122801206592e-15	9.425096570927518e-16	0.0003259134335734393	6.815920756523618e-7	1.005210549097859e-13	-2.54298412998946e-14	8.667164609559388e-13	2.182936382535533e-14	0.0016624668662525654	-8.765179822140033e-14	-4.114792919589949e-14	3.4759439896682487e-7	3.626419513132747e-13	1.9688783166034325e-9	-2.851935950570023e-14	-6.85680588550622e-15	1.268149806178121e-8	-7.467388673322622e-15	-4.489871515872721e-14	1.4437380269751493e-13	1.4206642658482264e-10	2.577888603832345e-5	5.7028616160493785e-5	1.731498635721567e-14	0.00028044238729617494	-1.082326294061127e-14	1.5366444415143178e-6	4.967210276556149e-7	1.5184439544381987e-14	6.632655418856678e-8	2.778246266414145e-15	1.4800116373650415e-12	5.071205441498705e-7	-8.72106094021957e-15	1.3399937857435838e-14	6.595722178214595e-6	3.155191436673129e-5	-3.512386243997631e-15	3.771407599358027e-10	-2.576912746731629e-14	4.839168224643281e-14	0.003216641206475567	0.0002934527585985412	8.495523830270589e-5	1.3724059531010458e-5	1.2433783811415562e-6	6.506032311946066e-5	1.9022503238567033e-7	1.2607659563170728e-5
2.6784840965593294e-8	1.1889060915678574e-15	9.425096570927514e-16	0.00021157986779905073	3.2736449322591473e-7	1.0052105490977259e-13	-2.5429841299894594e-14	2.6550156907108444e-13	2.1827888225901237e-14	0.0011695797523755725	-8.76530685481373e-14	-4.114792919590849e-14	1.6569758172448054e-7	6.971222438018569e-14	7.675506498689447e-10	-2.851936101878555e-14	-6.85680588550622e-15	5.275472106306546e-9	-7.467388674198662e-15	-4.489871515872722e-14	4.978359922351861e-14	5.144156982166652e-11	1.4375977902319218e-5	3.2850335199040805e-5	1.7314985474406777e-14	0.00017788310584395772	-1.0823262940611273e-14	7.5864513474519e-7	2.3672446186419982e-7	1.024792878902545e-14	2.973491953787704e-8	2.778229781900374e-15	4.4605785208718817e-13	2.431392560838708e-7	-8.72106094021957e-15	1.3399937857435838e-14	3.476454703747085e-6	1.7683038310254166e-5	-5.146997795521933e-15	1.397079988279329e-10	-2.5769277624640273e-14	4.525348105976112e-14	0.0023609373036462254	0.00018505663830553968	5.1199785526175935e-5	7.570781808606436e-6	6.076021182143256e-7	3.81467962633458e-5	8.87157600458925e-8	6.873303839263599e-6
1.1659453360302728e-8	1.1889049890690338e-15	9.425096570927512e-16	0.0001360205907202892	1.5421315340133398e-7	1.0052105490977067e-13	-2.5429841299894588e-14	8.176922015580407e-14	2.1827589984940795e-14	0.0008101389557973413	-8.765332892416795e-14	-4.1147929195909795e-14	7.746529656235484e-8	-1.8914617395389392e-14	2.9302002856030395e-10	-2.851936128163986e-14	-6.85680588550622e-15	2.150363627295151e-9	-7.467388674339508e-15	-4.489871515872723e-14	2.177131747838555e-14	1.8255572965741643e-11	7.867489963129118e-6	1.857336323479661e-5	1.7314985300330797e-14	0.00011209415457805229	-1.0823262940611273e-14	3.6744881538188694e-7	1.1064347123512578e-7	8.930068287430394e-15	1.3073624317232016e-8	2.778226751847658e-15	1.2358947673857747e-13	1.1432745088144094e-7	-8.72106094021957e-15	1.3399937857435838e-14	1.7979826236688479e-6	9.725680564574774e-6	-5.5763129172638134e-15	5.069725296510606e-11	-2.5769310609549298e-14	4.440634269236539e-14	0.0017078171056025898	0.00011491613906028736	3.0300298229561294e-5	4.0986121723405595e-6	2.9127561623894697e-7	2.196664398776249e-5	4.056605335050882e-8	3.677361860072657e-6
4.9780683997244275e-9	1.1889047990446163e-15	9.425096570927506e-16	8.510614110507033e-5	7.12648956238847e-8	1.005210549097704e-13	-2.5429841299894582e-14	2.6965798575045622e-14	2.1827531710386612e-14	0.0005496569656406047	-8.765338061694326e-14	-4.114792919590998e-14	3.5524154974360777e-8	-4.510919726325626e-14	1.0954442112206485e-10	-2.8519361326208616e-14	-6.8568058855062075e-15	8.589852778056476e-10	-7.46738867436178e-15	-4.489871515872723e-14	1.3635058394513755e-14	6.355207015339678e-12	4.226096197643428e-6	1.0310287087018481e-5	1.731498526666022e-14	6.849708600397063e-5	-1.082326294061127e-14	1.7464111278530232e-7	5.072704469064155e-8	8.586827986808896e-15	5.638721464294991e-9	2.778226211396496e-15	2.5389042733370033e-14	5.2732118200815626e-8	-8.72106094021957e-15	1.3399937857435838e-14	9.12655655054719e-7	5.250662628687081e-6	-5.687014738289673e-15	1.8006216153641184e-11	-2.5769317752165624e-14	4.41818008967526e-14	0.0012086340787440324	6.985140824539321e-5	1.7599585088621848e-5	2.177796068571374e-6	1.370099493029917e-7	1.24131761018532e-5	1.8189518473968838e-8	1.9311020789457675e-6
2.0851006069225637e-9	1.1889047673872451e-15	9.425096570927502e-16	5.280399561928183e-5	3.231224796731811e-8	1.0052105490977036e-13	-2.5429841299894575e-14	1.1012457125750428e-14	2.1827520720560197e-14	0.00036743243283371435	-8.76533905464502e-14	-4.114792919591e-14	1.5982138291581558e-8	-5.267311944632222e-14	4.0096657196919106e-11	-2.851936133359544e-14	-6.856805885506195e-15	3.363081056673109e-10	-7.467388674365232e-15	-4.489871515872724e-14	1.1315285769885272e-14	2.1751105608181608e-12	2.2287386354895245e-6	5.620394777555334e-6	1.731498526028322e-14	4.1679240073331906e-5	-1.0823262940611267e-14	8.146840150972838e-8	2.281679811647122e-8	8.499601925584533e-15	2.386307286756936e-9	2.7782261178897522e-15	-3.8086144893624996e-15	2.3861507277563837e-8	-8.72106094021957e-15	1.3399937857435838e-14	4.5476586130584285e-7	2.783135107850807e-6	-5.715070316519321e-15	6.239139916800069e-12	-2.5769319275682592e-14	4.412330407123014e-14	0.0008439508716521766	4.185563656970094e-5	1.0043655695637965e-5	1.1361375601446638e-6	6.32491080303258e-8	6.893272092173485e-6	7.998983518322227e-9	9.9567593497287e-7
8.569651348827111e-10	1.1889047622954065e-15	9.425096570927498e-16	3.187596630075511e-5	1.4376762738209731e-8	1.0052105490977037e-13	-2.542984129989457e-14	6.480827428506988e-15	2.1827518724571684e-14	0.00024070490306090506	-8.765339238930472e-14	-4.114792919591e-14	7.05507493178657e-9	-5.480723389509126e-14	1.4360274553751658e-11	-2.851936133479418e-14	-6.856805885506182e-15	1.2906466082108382e-10	-7.467388674365768e-15	-4.4898715158727246e-14	1.0665436292364547e-14	7.364409882090008e-13	1.1541316514512642e-6	3.009463051099409e-6	1.7314985259102705e-14	2.4560134212014226e-5	-1.0823262940611264e-14	3.7309136718671255e-8	1.0070094750508231e-8	8.477971712115439e-15	9.91146493448189e-10	2.7782261022028303e-15	-1.2283646766598682e-14	1.0594476806677313e-8	-8.72106094021957e-15	1.3399937857435838e-14	2.22489670037802e-7	1.4486470407114233e-6	-5.722066324910617e-15	2.0863131276385406e-12	-2.5769319595434398e-14	4.410831154446102e-14	0.000576598779798103	2.454869612773519e-5	5.627844266922902e-6	5.819714094732503e-7	2.8661170256555972e-8	3.757926783364435e-6	3.450274524993631e-9	5.040943567298991e-7
3.4566308073220936e-10	1.188904761505842e-15	9.425096570927494e-16	1.9106549024743606e-5	6.2778998350874146e-9	1.0052105490977037e-13	-2.5429841299894557e-14	5.2249934933470704e-15	2.1827518376481348e-14	0.00015545894776505562	-8.765339271917145e-14	-4.1147929195909997e-14	3.0561636381975226e-9	-5.539563317090967e-14	5.021737335062018e-12	-2.8519361334985e-14	-6.85680588550617e-15	4.8552069834842814e-11	-7.467388674365844e-15	-4.489871515872726e-14	1.0486394704447254e-14	2.5112845874788984e-13	5.869836854377888e-7	1.5830970922786694e-6	1.7314985258889454e-14	1.4446163028664203e-5	-1.0823262940611261e-14	1.6777293837409468e-8	4.361444114774699e-9	8.472736893032189e-15	4.041301668344394e-10	2.778226099652197e-15	-1.4684828611101256e-14	4.616075091704914e-9	-8.72106094021957e-15	1.3399937857435838e-14	1.0689173650469832e-7	7.405896347301405e-7	-5.723784699512777e-15	6.486679868128043e-13	-2.5769319661378477e-14	4.410452790557552e-14	0.00038911407896572196	1.4209055577422307e-5	3.099774704022498e-6	2.928000556699631e-7	1.275125698861498e-8	2.014345041145565e-6	1.4598916488901704e-9	2.5068487954847933e-7
1.3685901010888718e-10	1.1889047613880199e-15	9.425096570927488e-16	1.1138435599757646e-5	2.6907688684142186e-9	1.0052105490977037e-13	-2.542984129989455e-14	4.885541253621963e-15	2.1827518318435905e-14	9.843884245857754e-5	-8.76533927759826e-14	-4.1147929195909997e-14	1.2992859440948617e-9	-5.555418282800647e-14	1.7037502429309456e-12	-2.8519361335014847e-14	-6.85680588550617e-15	1.7900993044501935e-11	-7.46738867436585e-15	-4.4898715158727265e-14	1.0437831422895408e-14	9.061306640156438e-14	2.9323335522199853e-7	8.18310804378643e-7	1.7314985258851917e-14	8.216054604487631e-6	-1.0823262940611258e-14	7.409628569921622e-9	1.8539237571516918e-9	8.471500243856888e-15	1.618001165139228e-10	2.778226099250452e-15	-1.5348739969754914e-14	1.973893930487585e-9	-8.72106094021957e-15	1.3399937857435838e-14	5.0437957444683424e-8	3.7191663923456396e-7	-5.724200850969168e-15	1.6023155782893477e-13	-2.576931967472274e-14	4.410358695751325e-14	0.00025693420544022717	8.048537007916482e-6	1.6769873079640004e-6	1.44691252018571e-7	5.570661573326536e-9	1.0603086294766753e-6	6.060013568073844e-10	1.2245741511286022e-7
5.319668423103292e-11	1.1889047613711402e-15	9.425096570927485e-16	6.4556115077838375e-6	1.132107949251952e-9	1.0052105490977037e-13	-2.5429841299894544e-14	4.796074446537625e-15	2.182751830923836e-14	6.148559055756301e-5	-8.765339278536594e-14	-4.1147929195909997e-14	5.421534380947161e-10	-5.559594297720503e-14	5.493744754084676e-13	-2.851936133501944e-14	-6.856805885506157e-15	6.464711679810262e-12	-7.46738867436585e-15	-4.489871515872728e-14	1.042485043747022e-14	3.854023403449608e-14	1.4391375780030467e-7	4.156967429143954e-7	1.731498525884549e-14	4.676101726907772e-6	-1.0823262940611255e-14	3.2146889517922277e-9	7.7349506526756e-10	8.471215012565964e-15	6.362103372875558e-11	2.778226099189186e-15	-1.5527835485262904e-14	8.284589923880837e-10	-8.72106094021957e-15	1.3399937857435838e-14	2.3377961969703627e-8	1.8349733244546858e-7	-5.724300301577954e-15	-2.716505857598431e-15	-2.5769319677368237e-14	4.4103356235444497e-14	0.00016775445865442568	4.504160859439701e-6	8.921612599851266e-7	7.025084931926053e-8	2.390193058946796e-9	5.490562055747e-7	2.4680392923428423e-10	5.877910892818432e-8
2.0299979895763344e-11	1.188904761368826e-15	9.425096570927479e-16	3.63715502549617e-6	4.676056257044517e-10	1.0052105490977037e-13	-2.5429841299894538e-14	4.7730906955614594e-15	2.1827518307867217e-14	3.766943841598819e-5	-8.765339278684534e-14	-4.1147929195909997e-14	2.2205266049294964e-10	-5.5606696259861477e-14	1.560975787923434e-13	-2.851936133502014e-14	-6.856805885506132e-15	2.282207191773655e-12	-7.467388674365856e-15	-4.4898715158727284e-14	1.0421427848675586e-14	2.196388768716221e-14	6.939337097795198e-8	2.0757029342834448e-7	1.7314985258844422e-14	2.5686328767369806e-6	-1.0823262940611248e-14	1.3703861384932124e-9	3.1678170735469794e-10	8.47115076052684e-15	2.4571302454709497e-11	2.7782260991801425e-15	-1.5574956135153337e-14	3.4130943792612386e-10	-8.72106094021957e-15	1.3399937857435838e-14	1.0644975063436062e-8	8.895723202480123e-8	-5.7243237674354006e-15	-5.612785537682181e-14	-2.5769319677881283e-14	4.4103300437145764e-14	0.00010716296953744631	2.465929839329405e-6	4.6632710691208376e-7	3.3510553084141945e-8	1.0074042271666403e-9	2.792670846175433e-7	9.86310072472059e-11	2.77231414057539e-8
7.60272597128199e-12	1.1889047613685236e-15	9.425096570927477e-16	2.039894603280405e-6	1.8961284907005942e-10	1.0052105490977037e-13	-2.542984129989453e-14	4.767338147086663e-15	2.1827518307678222e-14	2.2774536849326362e-5	-8.765339278706642e-14	-4.1147929195909997e-14	8.927280814647677e-11	-5.56094039539992e-14	2.4901640884245767e-14	-2.851936133502024e-14	-6.856805885506119e-15	7.826835096576084e-13	-7.467388674365856e-15	-4.48987151587273e-14	1.0420537023230986e-14	1.6783579300685503e-14	3.2880139788585426e-8	1.0188858810125974e-7	1.731498525884425e-14	1.4158616883319736e-6	-1.0823262940611245e-14	5.741522694206701e-10	1.273578125029921e-10	8.471136619261896e-15	9.318792046000269e-12	2.7782260991788487e-15	-1.5587043241819992e-14	1.3803412254786923e-10	-8.72106094021957e-15	1.3399937857435838e-14	4.762278667989877e-9	4.237882665898094e-8	-5.724329235780702e-15	-7.334023130464814e-14	-2.5769319677978477e-14	4.41032871270787e-14	6.775907373451589e-5	1.3353590966363786e-6	2.3977252882125164e-7	1.5709679982899537e-8	4.1715579439855177e-10	1.3980310734158093e-7	3.8688177385660745e-11	1.2852503315401097e-8
2.790866381731772e-12	1.1889047613684863e-15	9.42509657092747e-16	1.1114726473152981e-6	7.548136810373398e-11	1.0052105490977037e-13	-2.5429841299894525e-14	4.765936160475739e-15	2.1827518307654966e-14	1.351142312471334e-5	-8.765339278709737e-14	-4.1147929195909997e-14	3.5229122517224484e-11	-5.5610070850554955e-14	-1.7952707388298814e-14	-2.851936133502026e-14	-6.8568058855061066e-15	2.5558924884646664e-13	-7.467388674365856e-15	-4.4898715158727303e-14	1.0420308000825894e-14	1.5193411787585892e-14	1.530938250741047e-8	4.917318595174992e-8	1.731498525884422e-14	7.51626250830074e-7	-1.0823262940611239e-14	2.364950365713296e-10	5.026612313105105e-11	8.471133576829436e-15	3.4662979703576394e-12	2.778226099178672e-15	-1.559006469172359e-14	5.480524247131956e-11	-8.72106094021957e-15	1.3399937857435838e-14	2.093423898502428e-9	1.984129383948944e-8	-5.724330494225805e-15	-7.879743421272654e-14	-2.576931967799644e-14	4.410328399625715e-14	4.191395392895108e-5	7.070776368719947e-7	1.2115425886609663e-7	7.237208895462325e-9	1.6974389344952626e-10	6.875724232810511e-8	1.490569879480267e-11	5.856564617476107e-9
9.9993705622629e-13	1.188904761368482e-15	9.425096570927469e-16	6.036004858507913e-7	2.9492953599293057e-11	1.0052105490977037e-13	-2.542984129989452e-14	4.765603665272764e-15	2.1827518307652634e-14	7.913138269646616e-6	-8.765339278710133e-14	-4.1147929195909997e-14	1.3643985698236025e-11	-5.5610231569596106e-14	-3.165816410876514e-14	-2.851936133502026e-14	-6.856805885506094e-15	7.391453149201079e-14	-7.467388674365856e-15	-4.4898715158727316e-14	1.0420249823202607e-14	1.4713668869229483e-14	7.005712241171623e-9	2.3334707823376822e-8	1.7314985258844217e-14	4.0156690835242936e-7	-1.0823262940611232e-14	9.581518645656168e-11	1.947728174056102e-11	8.471132936565079e-15	1.2594236338044646e-12	2.778226099178653e-15	-1.559080029816315e-14	2.1365675775141114e-11	-8.72106094021957e-15	1.3399937857435838e-14	9.042782775473045e-10	9.130193477449995e-9	-5.724330780108754e-15	-8.050090363653673e-14	-2.5769319677999672e-14	4.4103283270445883e-14	2.568756017854278e-5	3.7078126882321733e-7	6.02367378900616e-8	3.2773981172066352e-9	6.788695453471591e-11	3.3297678649827333e-8	5.651543825112006e-12	2.6239852996967547e-9
3.450963975572329e-13	1.1889047613684816e-15	9.425096570927465e-16	3.1825041752367945e-7	1.1304728763942612e-11	1.0052105490977037e-13	-2.5429841299894512e-14	4.765526993431076e-15	2.1827518307652508e-14	4.549420689098369e-6	-8.765339278710179e-14	-4.1147929195909997e-14	5.183748209843577e-12	-5.561026948449947e-14	-3.5949348842063406e-14	-2.851936133502026e-14	-6.856805885506081e-15	1.250603805621382e-14	-7.467388674365856e-15	-4.489871515872732e-14	1.0420235220154934e-14	1.4571325402129744e-14	3.150720101933654e-9	1.088948163827423e-8	1.7314985258844217e-14	2.0613993164737985e-7	-1.082326294061123e-14	3.821212792873452e-11	7.409853580472983e-12	8.471132804667204e-15	4.4127360322612733e-13	2.7782260991786468e-15	-1.5590974605518765e-14	8.181126126722726e-12	-8.72106094021957e-15	1.3399937857435838e-14	3.8386300681018494e-10	4.129566686371404e-9	-5.7243308441700035e-15	-8.102480876521849e-14	-2.576931967800024e-14	4.410328310474018e-14	1.5399029011380998e-5	1.899967803132572e-7	2.9436412868962907e-8	1.458768280301384e-9	2.66923335474005e-11	1.5844606460850077e-8	2.1199164085239198e-12	1.1558850087034965e-9
1.0979495357669621e-13	1.1889047613684816e-15	9.425096570927465e-16	1.674272790710695e-7	4.243945710371302e-12	1.0052105490977037e-13	-2.54298412998945e-14	4.765509819650194e-15	2.1827518307652533e-14	2.582729690963949e-6	-8.765339278710184e-14	-4.1147929195909997e-14	1.9295606782657996e-12	-5.561027824459501e-14	-3.726456166640667e-14	-2.851936133502026e-14	-6.856805885506069e-15	-7.85269273250343e-15	-7.467388674365856e-15	-4.4898715158727335e-14	1.0420231599198791e-14	1.4529759329719954e-14	1.3927742903644386e-9	4.997591956103267e-9	1.7314985258844217e-14	1.0681158590657443e-7	-1.0823262940611226e-14	1.50263427236941e-11	2.7680394196782504e-12	8.471132778044485e-15	1.4294076095459297e-13	2.7782260991786468e-15	-1.559101477194381e-14	3.079567051668923e-12	-8.72106094021957e-15	1.3399937857435838e-14	1.6013804211971712e-10	1.8359885919195335e-9	-5.724330858315504e-15	-8.118367750631385e-14	-2.5769319678000335e-14	4.4103283067520225e-14	9.154223378201526e-6	9.653712686380128e-8	1.4157697090250667e-8	6.383828138743481e-10	1.0322219112863022e-11	7.427567590825691e-9	7.981354988546234e-13	5.008053560497244e-10
2.6675320737413482e-14	1.1889047613684816e-15	9.425096570927463e-16	8.546690291811722e-8	1.5533391716285924e-12	1.0052105490977037e-13	-2.5429841299894493e-14	4.765506087667419e-15	2.1827518307652543e-14	1.4398698113014462e-6	-8.765339278710185e-14	-4.1147929195909997e-14	7.011580264056481e-13	-5.5610280228078004e-14	-3.7659099378317526e-14	-2.851936133502026e-14	-6.8568058855060435e-15	-1.4473779774146587e-14	-7.467388674365856e-15	-4.489871515872734e-14	1.0420230712757161e-14	1.451780455953793e-14	6.05118940417875e-10	2.25586592361495e-9	1.7314985258844217e-14	5.305143722003244e-8	-1.0823262940611223e-14	5.84893712670938e-12	1.0156916533496859e-12	8.471132772773921e-15	3.5887202998699116e-14	2.778226099178653e-15	-1.5591023763605654e-14	1.1423439389461011e-12	-8.72106094021957e-15	1.3399937857435838e-14	6.565421669652355e-11	8.02417283119743e-10	-5.7243308613897334e-15	-8.123120944587764e-14	-2.5769319678000348e-14	4.4103283059304296e-14	5.322199910966051e-6	4.789738402755569e-8	6.693390196007359e-9	2.7462846880589326e-10	3.928835658293169e-12	3.4216710243833713e-9	3.129939659545981e-13	2.133981188068384e-10
-2.2013035897872914e-15	1.1889047613684816e-15	9.425096570927457e-16	4.357444208255868e-8	5.46892517552508e-13	1.0052105490977037e-13	-2.5429841299894487e-14	4.765505302112673e-15	2.1827518307652543e-14	7.927911262645994e-7	-8.765339278710186e-14	-4.1147929195909997e-14	2.460895346016653e-13	-5.561028066850711e-14	-3.777491870975585e-14	-2.851936133502026e-14	-6.856805885506031e-15	-1.6586493549851553e-14	-7.467388674365856e-15	-4.4898715158727354e-14	1.0420230498680935e-14	1.4514415475171338e-14	2.5841942885697595e-10	1.0015575978806326e-9	1.7314985258844217e-14	2.667519955087198e-8	-1.0823262940611223e-14	2.2756779669647824e-12	3.6643856180586135e-13	8.471132771749336e-15	-1.9366466143096152e-15	2.7782260991786594e-15	-1.559102571652704e-14	4.204125576167126e-13	-8.72106094021957e-15	1.3399937857435838e-14	2.6452031405560637e-11	3.447756493281363e-10	-5.7243308620464514e-15	-8.124524892760306e-14	-2.576931967800035e-14	4.41032830575241e-14	3.070904565169974e-6	2.3593745356588318e-8	3.115022880125329e-9	1.161784502048493e-10	1.4742914840249757e-12	1.5535978772321686e-9	1.3838428280242513e-13	8.94681125039831e-11
-1.2072041193398359e-14	1.1889047613684816e-15	9.42509657092745e-16	2.1543451154319323e-8	1.7734033304053648e-13	1.0052105490977037e-13	-2.542984129989448e-14	4.765505142270299e-15	2.1827518307652543e-14	4.288299196821806e-7	-8.765339278710186e-14	-4.1147929195909997e-14	8.064894360301508e-14	-5.5610280764490956e-14	-3.7808183661233823e-14	-2.851936133502026e-14	-6.856805885506018e-15	-1.7248060009463988e-14	-7.467388674365856e-15	-4.489871515872736e-14	1.0420230447731794e-14	1.4513467717232278e-14	1.0846351705536404e-10	4.3741913659819566e-10	1.7314985258844217e-14	1.2824963680906439e-8	-1.0823262940611217e-14	9.065473380734614e-13	1.303566807520271e-13	8.471132771553521e-15	-1.5102609535611457e-14	2.7782260991786657e-15	-1.5591026127374484e-14	1.5638835372433647e-13	-8.72106094021957e-15	1.3399937857435838e-14	1.0471573101135212e-11	1.456664592452209e-10	-5.724330862184159e-15	-8.124934472965862e-14	-2.5769319678000348e-14	4.4103283057145934e-14	1.7326649860069283e-6	1.1339538601593821e-8	1.4251110185241045e-9	4.8322324402758194e-11	5.476790523215288e-13	6.933106875290404e-10	7.676531249664395e-14	3.690436563279626e-11
-1.5393490673779817e-14	1.1889047613684816e-15	9.425096570927445e-16	1.0648063875018617e-8	4.4141264476815376e-14	1.0052105490977037e-13	-2.5429841299894475e-14	4.765505110915597e-15	2.182751830765254e-14	2.2910313106746912e-7	-8.765339278710186e-14	-4.1147929195909997e-14	2.162582921470057e-14	-5.5610280785039104e-14	-3.7817529216066673e-14	-2.851936133502026e-14	-6.856805885505993e-15	-1.7451403252870957e-14	-7.467388674365856e-15	-4.4898715158727366e-14	1.042023043579584e-14	1.451320607900574e-14	4.4741873435466746e-11	1.8793270889771286e-10	1.7314985258844217e-14	6.2617055965431565e-9	-1.082326294061121e-14	3.901141533079122e-13	4.610978082951893e-14	8.471132771516685e-15	-1.9620419555595657e-14	2.778226099178672e-15	-1.559102621091344e-14	6.163171628730674e-14	-8.72106094021957e-15	1.3399937857435838e-14	4.071086306379252e-12	6.054430411246227e-11	-5.724330862212466e-15	-8.125052527695252e-14	-2.5769319678000348e-14	4.410328305706726e-14	9.709121501247154e-7	5.418116233272569e-9	6.418697149711748e-10	1.976915262823202e-11	2.0362473238025479e-13	3.0510215079960543e-10	5.544717279225368e-14	1.4985372339536515e-11
-1.649431870182248e-14	1.1889047613684816e-15	9.42509657092744e-16	5.100288106161958e-9	-2.9842329765941974e-15	1.0052105490977037e-13	-2.5429841299894468e-14	4.765505105008607e-15	2.182751830765254e-14	1.2029258608129604e-7	-8.765339278710186e-14	-4.1147929195909997e-14	9.627956624279054e-16	-5.5610280789364176e-14	-3.782009676611314e-14	-2.851936133502026e-14	-6.85680588550598e-15	-1.7512769371343216e-14	-7.467388674365856e-15	-4.489871515872738e-14	1.0420230433046668e-14	1.4513134733112468e-14	1.8133434642766548e-11	7.944827153886889e-11	1.7314985258844217e-14	2.9154998681335e-9	-1.0823262940611204e-14	1.982488147523697e-13	1.6606677600464137e-14	8.471132771509853e-15	-2.1149659432990114e-14	2.7782260991786784e-15	-1.559102622728325e-14	2.826052429485745e-14	-8.72106094021957e-15	1.3399937857435838e-14	1.5523291711431785e-12	2.478527716059561e-11	-5.724330862218163e-15	-8.125086150739605e-14	-2.5769319678000348e-14	4.410328305705125e-14	5.31932553820957e-7	2.523527396173917e-9	2.8420054639596733e-10	7.95449692948033e-12	7.793145287850203e-14	1.3199132163777813e-10	4.8217768962447595e-14	5.991035959324389e-12
-1.68538852889398e-14	1.1889047613684816e-15	9.425096570927433e-16	2.444241863458711e-9	-1.9349535376243305e-14	1.0052105490977037e-13	-2.5429841299894462e-14	4.765505103945708e-15	2.182751830765254e-14	6.238269644693877e-8	-8.765339278710186e-14	-4.114792919590999e-14	-6.1350931603190606e-15	-5.5610280790260057e-14	-3.7820786361059384e-14	-2.851936133502026e-14	-6.856805885505968e-15	-1.7530958309764848e-14	-7.467388674365856e-15	-4.4898715158727385e-14	1.0420230432424887e-14	1.4513115505921635e-14	7.2174556622267385e-12	3.305950594866324e-11	1.7314985258844217e-14	1.3828734631669113e-9	-1.0823262940611198e-14	1.2800988972337403e-13	6.468078923663503e-15	8.471132771508605e-15	-2.166060381229774e-14	2.7782260991786847e-15	-1.559102623036194e-14	1.6728574648876237e-14	-8.72106094021957e-15	1.3399937857435838e-14	5.784255533409857e-13	1.0024467150934079e-11	-5.724330862219284e-15	-8.125095612312429e-14	-2.5769319678000348e-14	4.4103283057048065e-14	2.8960621866880367e-7	1.1701331329509158e-9	1.238889944930528e-10	3.1502521425797402e-12	3.273563863458938e-14	5.634218517377256e-11	4.581513125439903e-14	2.360989474786513e-12
-1.6969704476656857e-14	1.1889047613684816e-15	9.425096570927431e-16	1.1346150640804738e-9	-2.4927588122394893e-14	1.0052105490977037e-13	-2.5429841299894456e-14	4.765505103764582e-15	2.182751830765254e-14	3.18060949785304e-8	-8.765339278710186e-14	-4.114792919590999e-14	-8.527253309441875e-15	-5.561028079044282e-14	-3.7820967360055295e-14	-2.851936133502026e-14	-6.8568058855059425e-15	-1.7536255238952973e-14	-7.467388674365856e-15	-4.48987151587274e-14	1.0420230432286959e-14	1.451311038346956e-14	2.816971026711204e-12	1.3554181957831163e-11	1.7314985258844217e-14	6.240166547915897e-10	-1.0823262940611191e-14	1.0265761189484093e-13	3.049460492098696e-15	8.471132771508377e-15	-2.18292202404802e-14	2.778226099178691e-15	-1.5591026230914296e-14	1.2818662948710552e-14	-8.72106094021957e-15	1.3399937857435838e-14	2.0843061231900078e-13	4.037522089636492e-12	-5.724330862219499e-15	-8.125098242195122e-14	-2.5769319678000348e-14	4.4103283057047447e-14	1.5414870844607933e-7	5.284183559416502e-10	5.308689780464813e-11	1.2288684569835928e-12	1.6733547749013812e-14	2.365234874978343e-11	4.503277423881583e-14	9.186173606857353e-13
-1.7006517440996177e-14	1.1889047613684816e-15	9.425096570927427e-16	5.272205629356813e-10	-2.6793555292790833e-14	1.0052105490977037e-13	-2.5429841299894443e-14	4.765505103735769e-15	2.182751830765254e-14	1.6015749890836623e-8	-8.765339278710186e-14	-4.114792919590999e-14	-9.318175703628816e-15	-5.561028079047956e-14	-3.7821013767504785e-14	-2.851936133502026e-14	-6.856805885505917e-15	-1.7537771443657567e-14	-7.467388674365856e-15	-4.4898715158727404e-14	1.0420230432256987e-14	1.451310903420376e-14	1.0742817096714025e-12	5.4885118242633874e-12	1.7314985258844217e-14	2.876325157501974e-10	-1.0823262940611188e-14	9.363097460569378e-14	1.9185044114437944e-15	8.471132771508339e-15	-2.1884212668510834e-14	2.7782260991786973e-15	-1.5591026231007937e-14	1.1518124886995102e-14	-8.72106094021957e-15	1.3399937857435838e-14	7.032173335183472e-14	1.6516599824016435e-12	-5.724330862219539e-15	-8.125098963877819e-14	-2.5769319678000348e-14	4.410328305704733e-14	8.157027458408279e-8	2.378946501778024e-10	2.2393719741414592e-11	4.735720691322138e-13	1.1152330545814361e-14	9.806967321846567e-12	4.4783239122137665e-14	3.546581101005683e-13
-1.7018071139190203e-14	1.1889047613684816e-15	9.425096570927421e-16	2.3723777224637924e-10	-2.7406122675163962e-14	1.0052105490977037e-13	-2.5429841299894437e-14	4.765505103731606e-15	2.182751830765254e-14	7.931618676240528e-9	-8.765339278710186e-14	-4.1147929195909984e-14	-9.574687874801582e-15	-5.5610280790486845e-14	-3.782102538530601e-14	-2.851936133502026e-14	-6.856805885505892e-15	-1.7538198228458157e-14	-7.467388674365856e-15	-4.4898715158727417e-14	1.0420230432250616e-14	1.4513108682873664e-14	3.9618989626168434e-13	2.2087833597592236e-12	1.7314985258844217e-14	1.259110332219913e-10	-1.0823262940611182e-14	9.045858090632018e-14	1.5514629864319447e-15	8.471132771508331e-15	-2.190194654257185e-14	2.7782260991787036e-15	-1.5591026231022666e-14	1.1093777831798702e-14	-8.72106094021957e-15	1.3399937857435838e-14	1.9672069110089975e-14	7.175427092920425e-13	-5.724330862219547e-15	-8.125099159271799e-14	-2.5769319678000348e-14	4.4103283057047295e-14	4.220009573175611e-8	1.0423822136075773e-10	9.281913093667456e-12	1.814999365111983e-13	9.233719833249375e-15	4.003853584982298e-12	4.4705305246153e-14	1.37447025152653e-13
-1.7021653794686266e-14	1.1889047613684816e-15	9.42509657092742e-16	1.0688334405899229e-10	-2.760345262150624e-14	1.0052105490977037e-13	-2.542984129989443e-14	4.765505103731095e-15	2.182751830765254e-14	3.878822014861026e-9	-8.765339278710186e-14	-4.114792919590998e-14	-9.656281030764904e-15	-5.5610280790488265e-14	-3.7821028223536524e-14	-2.851936133502026e-14	-6.856805885505879e-15	-1.7538316422579128e-14	-7.467388674365856e-15	-4.489871515872742e-14	1.0420230432249291e-14	1.451310859247331e-14	1.3702235379765384e-13	8.972382836906967e-13	1.7314985258844217e-14	5.643556560499109e-11	-1.0823262940611179e-14	8.93575021279946e-14	1.434619638396815e-15	8.471132771508326e-15	-2.1907603273929268e-14	2.77822609917871e-15	-1.5591026231024736e-14	1.0957976077186032e-14	-8.72106094021957e-15	1.3399937857435838e-14	1.4227725379463406e-15	3.5826429207979646e-13	-5.724330862219549e-15	-8.125099211426339e-14	-2.5769319678000348e-14	4.410328305704729e-14	2.1710783850114793e-8	4.560434414938744e-11	3.784053954813827e-12	7.046229175219422e-14	8.583340002830623e-15	1.6193354366427721e-12	4.468148090125452e-14	5.5074177484116994e-14
-1.7022752025212224e-14	1.1889047613684816e-15	9.425096570927412e-16	4.662191101918399e-11	-2.766582260605109e-14	1.0052105490977037e-13	-2.5429841299894424e-14	4.765505103731051e-15	2.182751830765254e-14	1.8663158945423506e-9	-8.765339278710186e-14	-4.114792919590998e-14	-9.681731927634454e-15	-5.561028079048854e-14	-3.782102889974717e-14	-2.851936133502026e-14	-6.856805885505879e-15	-1.7538348644578124e-14	-7.46738867436585e-15	-4.4898715158727436e-14	1.0420230432249023e-14	1.451310856950089e-14	3.971482093105761e-14	3.8149485760871867e-13	1.7314985258844217e-14	2.3996181483895983e-11	-1.0823262940611176e-14	8.897984671281115e-14	1.3981401036238655e-15	8.471132771508323e-15	-2.190938851529871e-14	2.7782260991787162e-15	-1.559102623102495e-14	1.0915356342787854e-14	-8.72106094021957e-15	1.3399937857435838e-14	-5.036793641523208e-15	2.2253104954381844e-13	-5.724330862219549e-15	-8.125099225138652e-14	-2.5769319678000348e-14	4.410328305704728e-14	1.092101747641642e-8	1.9420447490076934e-11	1.5123922832266435e-12	2.8926530994570734e-14	8.365801978146764e-15	6.489266524885162e-13	4.4674355356576387e-14	2.4281884180602548e-14
-1.7023084976245867e-14	1.1889047613684816e-15	9.42509657092741e-16	2.036248305218268e-11	-2.768516236427281e-14	1.0052105490977037e-13	-2.5429841299894418e-14	4.765505103731053e-15	2.182751830765254e-14	8.86518743479715e-10	-8.765339278710186e-14	-4.114792919590997e-14	-9.689515526678291e-15	-5.56102807904886e-14	-3.782102905674764e-14	-2.8519361335020274e-14	-6.856805885505879e-15	-1.753835729663396e-14	-7.46738867436585e-15	-4.4898715158727436e-14	1.0420230432248969e-14	1.451310856373998e-14	3.83541964985417e-15	1.8205402205823812e-13	1.7314985258844217e-14	1.0477531529341952e-11	-1.082326294061117e-14	8.885178795505756e-14	1.3869719675428767e-15	8.471132771508323e-15	-2.190994599113231e-14	2.7782260991787225e-15	-1.559102623102495e-14	1.0902241422021046e-14	-8.72106094021957e-15	1.3399937857435841e-14	-7.28286373073876e-15	1.7216882846856676e-13	-5.724330862219549e-15	-8.125099228686506e-14	-2.5769319678000348e-14	4.410328305704728e-14	5.46381976187375e-9	8.28333241562345e-12	5.910879232512199e-13	1.3647518914374171e-14	8.293968008028143e-15	2.615743980517113e-13	4.467227142893245e-14	1.2940074474257704e-14
