0.4951388820797881	0.6067372553475032	0.5126550564386805	0.6132949732985106	0.3335377431335087	0.39827080390547515	0.4612956200902147	0.31923591981259614	0.2789891821982662	0.4244463680659781	0.4847497809320528	0.5416936763834834	0.5475475349896856	0.4954004195608201	0.3471612518469366	0.4567377565417006	0.34039059690657447	0.3852153740371576	0.3379629940650273	0.5505003729276247	0.35489592493420935	0.48309473072610964	0.328695257819922	0.29030210186351607	0.4448387400871059	0.47863688538497623	0.5405211462731313	0.2811075339537869	0.4199332107679184	0.4812776280676813	0.5415413024582827	0.5005708951345488	0.3413597609598941	0.4141997235650292	0.44284252154300535	0.5792933496235155	0.3616264846123153	0.30932227345721947	0.2626832895497951	0.33727667835888325	0.5794171382290143	0.41836129594533095	0.4165049052105512	0.4429814381920173	0.5608611586873309	0.4890133130012316	0.24471726155893386	0.39986841042526106	0.5779350642033041	0.4413869478802233
0.0036690493987235648	0.010881879351501512	0.024435937204370956	0.0030885921347211824	0.004366842338973693	0.018917497012848353	0.02489450969658589	0.007131918936439463	0.008498683285038205	0.004524978370348107	0.007831243432423276	0.01810910682905658	0.004676265849621831	0.004911750704138421	0.005111815074452054	0.0160626706812285	0.03242960249742201	0.004196898263751326	0.016437089414997302	0.017690283259780986	0.009072404437127684	0.00480141174381194	0.004446023635594522	0.003877081834884835	0.016309103059391792	0.004811249491742376	0.022354403946830803	0.003789216729721488	0.003493682464308292	0.008857662551427118	0.004767732678487893	0.008722463654097084	0.007175777733765397	0.006414485638696815	0.04112689475698672	0.043949951923355976	0.004284993202864179	0.0033041626797027162	0.006787908130450979	0.005456449373171461	0.009558657751622079	0.008751975753392274	0.003910653185808633	0.0027461799065942117	0.0034674834737036734	0.0052410188358068144	0.003823251725362666	0.00473814319633301	0.004112820758603405	0.004065628163971859
0.003667051817044005	0.010985431785472573	0.032295271337156525	0.0030792805019579077	0.0043838131382459644	0.02258495793516218	0.04200869242180719	0.007185013320323678	0.008766728070907096	0.004527590732163067	0.007934749175410042	0.02063594430372468	0.004664352750893626	0.004910826259663705	0.005132528293924009	0.016443870899047027	0.05538686234810635	0.004206416008188938	0.01891672557795994	0.023696834687755207	0.009130944231730874	0.004799547078305509	0.004463549988251823	0.0038960639451265933	0.016896088862387155	0.004806635450255139	0.028001775985005344	0.003809331032408532	0.003497552337162959	0.008854964612438045	0.004756462734632457	0.00898856626903384	0.007219162375791156	0.006422838437509867	0.06409823177312443	0.06214639775036073	0.004297010953964425	0.0033164759932345824	0.006890198543713928	0.005482374719168195	0.00963932611702887	0.008785233140702021	0.003913889297410192	0.002747414635186737	0.0034600898166738648	0.005234268497399528	0.0038499884213243868	0.00474556961800893	0.004100777672621837	0.004067645065421224
0.0036649790370105154	0.011576813149342438	0.04509867982506277	0.0030699302127847683	0.004400636451250338	0.03053997824085746	0.06430256738331994	0.007248824956130939	0.00948632547547444	0.004529989569157925	0.008336866410632854	0.026308132207521883	0.00465225493484247	0.004919973213326285	0.0051533241287253055	0.01766815202699215	0.08371131194919867	0.004215885807671512	0.02478696739599035	0.03445649937673804	0.009207575102729524	0.004798378949082419	0.004480905335059788	0.003914961698423602	0.018630587396232894	0.004801780409614007	0.03805535596407099	0.0038293887386780965	0.003501339320344808	0.008886038827037972	0.004745005757938813	0.009905176762811626	0.007270604755161182	0.006430588501651898	0.08689022608473515	0.07562513938981266	0.004308866359851466	0.003328734049096422	0.00708875428535874	0.005508830992654986	0.010085420173228101	0.008868292296903755	0.003916988941089107	0.0027486047068740493	0.0034526217410437267	0.00522721241078805	0.0038767176944452244	0.004752754856645922	0.004088625357779774	0.00406951411636487
0.0036629473091817806	0.013161390343165696	0.059022652110121934	0.0030605417263471902	0.004417344635940897	0.0430555271259444	0.0822256365972121	0.007353513707325863	0.011290736601486977	0.004532174766920475	0.009460945380349521	0.03519793285273558	0.004639997633532896	0.004966027979228341	0.005175442363355213	0.020510595019452675	0.10464661123014399	0.004225721843478665	0.035228356123598085	0.04768445650501825	0.009350085731895271	0.004800974144768843	0.004498088919522521	0.003933774258771857	0.022420331430271515	0.004796685227999386	0.05019884907374773	0.0038494097614175135	0.0035050779708515143	0.009027021227471784	0.004733442909961121	0.012174749890954729	0.007353958078728469	0.006437761166793203	0.09718297589288895	0.07589470736713652	0.004320563033626035	0.003340937294643591	0.007574889130201576	0.005538669817286342	0.011340495013736324	0.009107989932712916	0.003919951925740759	0.002749750154032121	0.0034450798491151113	0.0052198529361827395	0.003903466126626415	0.004759698518745723	0.004076397648996734	0.004071236965754935
0.003661414467949291	0.01624956128946213	0.06830951639278893	0.003051115581707735	0.004434079119394765	0.05772193848555434	0.08766333167277465	0.007577376142802809	0.01508892567706047	0.004534146230205555	0.011920104034933635	0.045394181564243845	0.00462768203472358	0.005117385442780469	0.005203206163270932	0.025622788979053297	0.10867533917016778	0.004237484580676654	0.049500443276078485	0.058666547119593945	0.009673421442600805	0.004817078000067569	0.004515104555566766	0.003952503465705279	0.02885156280032455	0.004791350933890317	0.059882331609084745	0.003869485586578274	0.0035089143885364306	0.009442095526561346	0.004722093536449604	0.016549418000142237	0.0075325365666212285	0.006444466762724345	0.0903594997826972	0.06339542164973844	0.004332120911182197	0.00335309070689248	0.008731786282157332	0.005581241592366379	0.01394764963693233	0.009727622533283038	0.003922778069890748	0.0027508512433898993	0.0034374652226627153	0.0052121964503276845	0.003930353607980044	0.004766401590496875	0.004064233594709992	0.00407282172485173
0.0036618955258093744	0.021011463806578416	0.06901049267538205	0.0030416524662397358	0.004451349070412741	0.07013113909678567	0.07930417338342857	0.008083613661635186	0.02174561431873185	0.004535903973115979	0.0163065059001187	0.05362506437505155	0.004615664256454878	0.00551375224397053	0.0052490528376598206	0.032986600830926124	0.09562923980473392	0.004256038728326365	0.06451147685768455	0.0630831386341886	0.010397672444358873	0.0048721076712880665	0.0045319738418319825	0.003971161736341577	0.03755237473444359	0.00478577916638454	0.06308274533933471	0.0038899571008874445	0.003513369409629181	0.010408015343434295	0.0047120236868419246	0.023363961134590126	0.007941688893573317	0.0064511016531418885	0.07125714516487713	0.044963390655659435	0.004343619664237203	0.0033652170952839146	0.011150478369279519	0.005661702930742035	0.018274821224161197	0.011089765896925998	0.003925467222585648	0.0027519092555951677	0.003429780760543926	0.0052042646058892365	0.00395782022750062	0.004772870394797358	0.004052621188088362	0.0040743010336884294
0.003668680673247061	0.026973794692232322	0.06115619279808782	0.0030321542653745075	0.004470728050971751	0.07611060743398312	0.062043388254387474	0.009149085552565564	0.03154627337560216	0.004537448116778345	0.022831348276802017	0.0569567866339849	0.004605033054280627	0.006386659688382982	0.005343152408622726	0.0415613805164842	0.07272822218984408	0.004294223297424291	0.07597146917170446	0.059502096081720815	0.011860323477343282	0.005021540146066378	0.004548780074005774	0.003989796743708805	0.04695017308919864	0.004779973814302601	0.058634631398348847	0.003911913528249574	0.003520041421533603	0.012285851583273798	0.004706286615999074	0.03208637961591687	0.008817862474046312	0.0064588883622598015	0.04860252811550041	0.027605045939781327	0.0043553286581885665	0.0033774009693951093	0.015512648468115715	0.00583677252431253	0.024180457575513847	0.013643992320808348	0.003928019282852691	0.00275292890793093	0.003422036469782964	0.00519613137717829	0.003987251845785664	0.004779129653137784	0.004043032115748741	0.004075789808532161
0.0036923041603409475	0.033005002704607767	0.04801524917091229	0.003022625065028292	0.004496466445003567	0.07383736215494494	0.042677202806178136	0.011154061524648784	0.04373275533802951	0.004538779838786265	0.03100468297904144	0.05428478996439565	0.004598702072757931	0.008044899598099274	0.0055480613856495175	0.049457562424113845	0.04861704864708176	0.0043811572712755716	0.08042640045427635	0.04970973625614581	0.014466482473354358	0.005367813243498294	0.004565792189901165	0.004008565628498655	0.05471959937685107	0.0047739455457116355	0.048432938674617024	0.003938397075078701	0.0035332131987258707	0.015413617589208423	0.004712472077944598	0.04123268942752952	0.010497889653688981	0.00647112244629236	0.029153497999649086	0.014913408632048559	0.004368051132663678	0.0033899141050272234	0.02231981043548437	0.0062149443233241435	0.030844795852006533	0.017773899541739635	0.003930434447159785	0.002753926617503736	0.003414264288175617	0.005188025532861606	0.004022466385032392	0.004785261127287386	0.0040393236835514785	0.004077643985146904
0.0037553985036680487	0.03766664189244546	0.03375080407203933	0.003013081219305713	0.004538691904558884	0.06442948619485023	0.02616739544595911	0.014504642739886888	0.05644662785996549	0.004539901636976726	0.039584663011480274	0.046640968760448084	0.00460354649186523	0.010803884640669243	0.005975473022149858	0.0546211622966311	0.02896528281936877	0.004574156180574686	0.07679747149333142	0.03716919004328205	0.0185603235872547	0.00607132013134474	0.004583781745653683	0.004027922437146154	0.058718628827354284	0.004767727189516803	0.03587800117160035	0.003976916206180808	0.0035629954841501096	0.019937181772979685	0.0047471007647638	0.048792733202612446	0.013361106932740171	0.006495638186399921	0.015591535379334777	0.0071866975007815635	0.004383917933577675	0.0034035357090877495	0.031556204818595675	0.006973103356816416	0.03692984916617088	0.0235798964237077	0.003932713470486604	0.002754952731574901	0.003406563484042898	0.005180589893070567	0.0040727567012187205	0.004791506933008653	0.004050370431492671	0.004080851221851036
0.003900762902858309	0.03975991518136581	0.021445670573178113	0.0030035599964032263	0.0046188394063576025	0.05094971001930762	0.014465067248778257	0.01948674853038153	0.06721115654903137	0.00454082479658955	0.04689218531654696	0.03636674096743948	0.004633963055525665	0.014862871409937263	0.0067972532074941005	0.05565374182226844	0.015557411053503525	0.004971628366269788	0.0665563590954259	0.025116566427449766	0.024246134588277197	0.00734292305090261	0.004604722178648308	0.004049066665439118	0.0578625501885106	0.004761406320826009	0.024048883503391804	0.004043957065717982	0.0036305653760514145	0.02564921842125026	0.004841850682545421	0.05297326134446745	0.017707035613654942	0.0065489736710496824	0.007519361993842096	0.003124141470302943	0.004408006617499044	0.0034202692420206553	0.0424584334780331	0.008355716318877434	0.04102826113369763	0.030697062875668417	0.003934859870634884	0.0027561520325874453	0.0033992041981352485	0.0051754408003007605	0.004158244228541703	0.004798514310847473	0.004094224121672978	0.004087865188100516
0.004199816688509733	0.038770371916753726	0.012423173168755013	0.002994188281591441	0.004777364385849969	0.036784308993079176	0.0072775644482131	0.02609353094138641	0.07375656440942535	0.004541572999808726	0.051366698722470336	0.025911111398470084	0.004716810212752077	0.0201692287831236	0.008239244475666964	0.05231533824830327	0.0076049442236993834	0.005720896196329997	0.052705189644845225	0.015469710029896167	0.031233013995052683	0.009407183104853773	0.004633185935093065	0.004074855568202054	0.052461388637240626	0.0047552260210996945	0.014704894298562107	0.004171885748595009	0.003775442093455765	0.031927445375317956	0.005050387946543642	0.05285914437628243	0.023598291208886783	0.006662247885309965	0.003301204649867251	0.0012366510576588326	0.004451208407534578	0.0034447748856842987	0.05355171080645567	0.010642304215408946	0.04217474239407255	0.03826019580432619	0.003936882324712494	0.002757903092330939	0.0033928813500340494	0.0051762708355146455	0.004317853884424817	0.004807867066337538	0.004203504062935069	0.004104200364748133
0.004757528639958801	0.03499505382529025	0.006609546935300735	0.0029852272226114887	0.005082505758641848	0.024411695000826013	0.0033590725815327033	0.03390128949385681	0.07478698961659673	0.004542227250684834	0.052093927900887606	0.01697984685302038	0.0048968173275126215	0.026332330515062615	0.010547491960615142	0.04549075759641269	0.003410537252167327	0.00701247414960977	0.038382543343201764	0.008749378563262421	0.03878950286922625	0.012435651382703682	0.004678744023540259	0.004111544621789307	0.043927108589822794	0.004749746192385667	0.00826121067473995	0.004417669057018675	0.0040634702347348015	0.0378299358412499	0.005452941904362512	0.04866718660546471	0.03073188594638956	0.006887767978930991	0.0013298896200589299	0.0004492487544847636	0.0045346504278735225	0.0034868776136423663	0.06299068226508907	0.014077647458111008	0.04016256772423858	0.04506956310381617	0.003938809763926727	0.002761124929213786	0.003389179618565951	0.005190688070934357	0.0046190319879485416	0.004823090353028362	0.004430652285594776	0.00414105278790725
0.005708506021253655	0.029338489431307867	0.0032504680866953235	0.002977412589146104	0.00563700814127628	0.014982643807254921	0.0014320707967867595	0.04206657664659784	0.0703377281635707	0.00454295198737076	0.049062951724186545	0.01029457814933522	0.0052403698959741715	0.032641674336239906	0.013924818273630386	0.036727205947394884	0.0014127292790917022	0.009053371557112846	0.025857179443297535	0.004573515929716058	0.04585683198698816	0.01646534607097269	0.00475967048135232	0.004171575615126201	0.03411580404496944	0.004746310641698432	0.0042911467318735505	0.004871267601898067	0.004592453320233277	0.04233070417233129	0.006154518456436841	0.04153018869449711	0.038407966580683246	0.00730395568444838	0.0004949200874362683	0.00015077215037025344	0.004695405556557853	0.003565449048575566	0.06908376270400554	0.01877613499964105	0.03553754307869168	0.04991097346874158	0.003940706948347963	0.002767874794371388	0.0033915018416235793	0.005232999475451378	0.005166440822236094	0.0048514052289004	0.004850478233564153	0.004219103925900437
0.007199580652315659	0.02293236284483361	0.0014858810652646937	0.0029720679885093405	0.0065781635484227705	0.00855022068550684	0.0005672089109889597	0.04947292895475863	0.061616144583557075	0.004544202152908511	0.04307210174295527	0.005805007259190944	0.005834665897398514	0.0382031812119987	0.0184494090003125	0.027640953275729	0.0005436448141021971	0.012017840952685047	0.016198826738688596	0.002221996227312944	0.05129825529006608	0.02133117622490726	0.004907674400192633	0.0042777230688413395	0.02468281551205242	0.00474756074094436	0.0020722699443058755	0.005659728071031322	0.005491031751844733	0.04460717357497192	0.007272833818055669	0.03299570380811362	0.0456330448471886	0.008015035918121598	0.00017112797043076266	4.700853221611381e-5	0.004992406513047084	0.0037135240503829796	0.07078394138337746	0.02462961234433915	0.029323557052676162	0.05190363385439174	0.003942754303932631	0.002782399511723492	0.003406383697484981	0.005327587872359615	0.006104951145250521	0.00490629457210143	0.005556694369755164	0.004373013037739228
0.009357735566993262	0.016776277056331113	0.0006344638986459963	0.002972353201382544	0.008066224128702407	0.004558682237613367	0.00020976123781533897	0.05499005910699999	0.05047889239146924	0.004546841128899147	0.03538058459521962	0.003058848685850832	0.00677922189825465	0.04215443270398221	0.02400032949547494	0.01946778248656137	0.0001953187958831081	0.01598369052274872	0.00948162157999079	0.0010082986608085489	0.054196718190866425	0.026643803993736944	0.005173075441521138	0.0044679593789329255	0.01670480311881933	0.004758976991605695	0.0009348972077055621	0.006942040799642685	0.006906372991974294	0.04426534656906593	0.008914461593629113	0.024510956392046247	0.05133808691930486	0.009141735397311123	5.5245951027903093e-5	1.368068083408343e-5	0.0055102181129421356	0.00398393264428357	0.06795106204052821	0.03125674532853499	0.02264740253081251	0.050736597397995124	0.0039453193137809275	0.002812851199565806	0.003445659290210324	0.005512447310646212	0.007611384478656786	0.005010995739216964	0.006649715451205538	0.004655689348660068
0.01224803207427633	0.011528037284539633	0.00025413807086218385	0.0029831386670133653	0.01025837733232353	0.002280405032002327	7.274174930611588e-5	0.057756551519397445	0.038823017930252474	0.004552861005448358	0.0272925951129939	0.0015124802938393518	0.008168276399545238	0.04388285988472973	0.030220182288855924	0.012878962317950198	6.579523967728651e-5	0.020871906559563322	0.005207138902118133	0.00042919484109580453	0.054090336141115636	0.031832210964848055	0.005628375128788326	0.004800521073269956	0.010615887454008655	0.004789686739406348	0.00039570465505866153	0.008890469575791267	0.008978508350812611	0.04142085894483914	0.011142029207522188	0.017091145036547226	0.05463997795744761	0.010800976464846453	1.6722275762562653e-5	3.7312429064704416e-6	0.006357756554477519	0.004453627133845974	0.06130766744494257	0.03802401263211247	0.01643028659293101	0.04671211215481802	0.0039492810722264095	0.0028735765049132497	0.0035285520687607817	0.005841098778748036	0.00987083167768142	0.005201981713880631	0.008215208500694474	0.005140133385271866
0.01583220123821847	0.007466157507825349	9.585102401500643e-5	0.0030145406943600495	0.013269790997862884	0.0010742959428849748	2.3743054146340185e-5	0.05738652725742482	0.028129198220751418	0.004565708533721581	0.019838767892357605	0.0007043877472673566	0.010065559811185431	0.04316989569413964	0.03653762734385644	0.008030276291781687	2.0857227470117748e-5	0.02641195578607388	0.002693140083357672	0.00017201867266712902	0.05106503799386107	0.03624698736734644	0.006368480946601411	0.005356483491081579	0.0063571370083722965	0.004856193973538576	0.00015772102668462596	0.011657400114892549	0.011803435270927252	0.03662167481576789	0.013940206841194751	0.01122638682439688	0.05505524862563584	0.013075876935068766	4.762903046411229e-6	9.569432173867075e-7	0.0076587619887856775	0.00522438784064717	0.05214743041211214	0.04414499571137158	0.011234477110760536	0.040603258781370194	0.003956249529530826	0.002988229050692336	0.003684574587448716	0.006381899754672319	0.013037401659160223	0.005532110061314546	0.010296458686515896	0.00591707543732563
0.019941871181565096	0.00457166276424666	3.415152384544947e-5	0.0030796153999344163	0.017129070208363458	0.00047821070534512266	7.31783391397227e-6	0.05403477372567465	0.019262270992786375	0.004592124716971154	0.0136313306114461	0.00030999771107718065	0.012476579333403655	0.04021728402896064	0.04225361517778932	0.004733985461149644	6.241623295615028e-6	0.03215103624992382	0.0013161805972819085	6.513107647791558e-5	0.04568654015324976	0.039296469967439664	0.007504115731946115	0.006238773931547975	0.003598690976885218	0.004981478532150675	5.939424316192771e-5	0.015331594878646689	0.015392458782214144	0.030661964243706742	0.017191345946002665	0.006969085049994045	0.052596283735348234	0.015981883024403176	1.2805098789424206e-6	2.3144599646401032e-7	0.009532803145547556	0.0064168700074661465	0.041940086367335115	0.04883521277022155	0.007262542686928919	0.03340425770807456	0.003969572149568688	0.00319225523170921	0.003954093300433525	0.007211889480272375	0.01718521367780437	0.006070481018291974	0.012867208602695211	0.007085551630684866
0.024278761766262893	0.002654155323377868	1.1528005633519125e-5	0.0032027229623259076	0.0217399603109437	0.00020173387599533882	2.135655773849342e-6	0.04831319501017076	0.01250287469967288	0.004642577172590765	0.008879031759108888	0.0001293016774958246	0.015326196333164583	0.03555981875177699	0.04667231397776994	0.0026461387657246973	1.7680412025520548e-6	0.0375131133002001	0.0006096345690962484	2.3364322880847264e-5	0.03881539325728653	0.040574470168719096	0.009148206587159636	0.007563351490611573	0.0019313741924307155	0.005202311051519011	2.1192814103419304e-5	0.019893574872140045	0.019639140035427848	0.024367224434336022	0.02067117483436949	0.0041007004625102945	0.04772913982487132	0.01943816435954605	3.2584345845736657e-7	5.2916645400989784e-8	0.012067648463769993	0.008156447983250664	0.03198156954399961	0.051477759932179644	0.004451339672639059	0.026074938886294943	0.003994703460863098	0.0035358008436195826	0.0043892429542309085	0.008406064781979748	0.022261249081566556	0.006899644742511316	0.015813714449330975	0.008736998891704751
0.028447333396791362	0.0014648264337556037	3.695874978600661e-6	0.0034089818467741596	0.026862733721427754	8.086086084529626e-5	5.916010771146899e-7	0.04110451324693949	0.007712965604401308	0.00473456642726171	0.0054971811568232665	5.1248448041073265e-5	0.018449820917649854	0.029907915956545315	0.049240790465688994	0.001406104716191431	4.751707905825951e-7	0.04189700015591065	0.00026834028594740263	7.961202061138604e-6	0.03138180231358246	0.039941385291813784	0.011393423168649316	0.009444220061713863	0.0009853073028729972	0.0055599551840271955	7.183322351980182e-6	0.025182816169876478	0.024306008640814773	0.01842198730666321	0.02407017910105019	0.002293236934458443	0.04122316168694862	0.023254556534821943	7.866704292231516e-8	1.1460220916908036e-8	0.015288255117039688	0.010550213405889271	0.023182116360452455	0.05175036701806938	0.00259353986160798	0.019357588499630658	0.004041587738582279	0.00408197399656593	0.005048146677389146	0.010020178660293899	0.02805469603800812	0.00810499672889416	0.018933833813981713	0.010932509953290861
0.03201546657917115	0.0007703469025540943	1.127846970329608e-6	0.0037425214673242647	0.03212508845081399	3.086775690103781e-5	1.5587649412242747e-7	0.03334514506197083	0.004533103720243113	0.004892289560604912	0.0032426949539667233	1.934610117405358e-5	0.02160380475494453	0.02397853537487779	0.049657801549409325	0.0007119797318062039	1.2140423368151886e-7	0.04478891232792985	0.00011251412590698075	2.5825018019143262e-6	0.024193441912540956	0.03753785976788984	0.01428665710050691	0.011969076305322202	0.00047895836166441774	0.006114297662204538	2.318072316698226e-6	0.030889687568199355	0.029039269377647732	0.013277857497658307	0.02703878012756797	0.0012218105699055893	0.03395359691722698	0.027141312659046037	1.805819897092551e-8	2.354962957729562e-9	0.01912921245977662	0.013658721619570078	0.016010823895032875	0.0496787059916788	0.0014398980337702067	0.013697893271102443	0.004124516846175727	0.004906192406172546	0.005990885268409787	0.012073214880890758	0.03419578425772052	0.009762408546863926	0.02195700749008187	0.013679820407418691
0.03458944964278752	0.0003868717232190463	3.2823341450370695e-7	0.0042351026794435155	0.03706522192855959	1.1245330503968123e-5	3.9135298062839464e-8	0.025843310165757374	0.0025438546636151306	0.005150263768024895	0.0018264909983923994	6.9700437321116965e-6	0.024495709115144253	0.01836331653543176	0.04792280556752676	0.00034426391377912423	2.9538106872722865e-8	0.045859350769630075	4.5036675458089154e-5	7.99100601826949e-7	0.017820264175508898	0.033733490967646954	0.01780195226025317	0.015174415232700671	0.00022232271447155264	0.006913075583488839	7.135980159548037e-7	0.03657914895294816	0.03341254036989502	0.00914249197823083	0.029246599780178774	0.0006215576892360601	0.026720784968219318	0.03074342045053655	3.949343115826157e-9	4.598103782365651e-10	0.023420053615625096	0.01746695881615902	0.010559095507962113	0.045606726257340545	0.0007634017840156759	0.009258417633224703	0.004266498424460781	0.0060835074093357555	0.007264050623857065	0.014528902853534309	0.04019035929183668	0.011916328852791116	0.024582903427596822	0.016912379964262078
0.03588453012983901	0.00018590145943270275	9.12511727313862e-8	0.004945538966583098	0.04120001672575892	3.916809043899441e-6	9.377090344195091e-9	0.019171004756035462	0.0013657940341743374	0.005550635545126208	0.0009843393449028208	2.4010495678923487e-6	0.026829006710794506	0.01345862678141544	0.04431634897070098	0.000159268329219044	6.853666582574846e-9	0.04501919347822219	1.724243478306332e-5	2.3627981419702916e-7	0.012564157926798623	0.02903249099381283	0.021823931279226213	0.019018543289594722	9.873691486868291e-5	0.008023386118213252	2.0992781120437584e-7	0.04174585633343604	0.03699179898945574	0.006025234153179999	0.03044133127896742	0.0003025183860681837	0.020129158772679623	0.03369364552406835	8.244784103283392e-10	8.541756220460351e-11	0.02788920955168115	0.021863359722715366	0.00666290700235575	0.04010107378884837	0.0003872751328748886	0.005988853736375565	0.004496338979392165	0.0076842192113673324	0.008894289158235575	0.01728759436224769	0.04548673287026124	0.014565392909020378	0.02653067456300172	0.02048141584462792
0.03577339475018575	8.562678627086716e-5	2.4268693512116674e-8	0.005888260924012846	0.044103775263582966	1.3064400954233684e-6	2.1471257461063505e-9	0.013635899904635995	0.0007028616988735617	0.006143222981318456	0.0005084894043783544	7.921327177572848e-7	0.028352352332311717	0.009456863574505422	0.03932391209206181	7.062200847545137e-5	1.518385218297144e-9	0.042422907811866195	6.3248537158656805e-6	6.686526213825897e-8	0.008494031809529491	0.023967107365845022	0.02614171481535164	0.023368330568184596	4.20293807675618e-5	0.00946137641973983	5.9110013196725465e-8	0.04588994103201666	0.03940717495326101	0.0038073886600592964	0.03049246198276444	0.00014112508266445907	0.014540042667640116	0.03567294574472569	1.6461186403629307e-10	1.5128791912851473e-11	0.0321904008895785	0.026632314538939904	0.004030215478346884	0.03382334407853561	0.00018832864593461063	0.00371413253421488	0.004855059287394375	0.009746629950256038	0.010867001150721405	0.02018457887149415	0.049561476048474926	0.01764071366691397	0.027587125816025793	0.024159827383770798
0.03430166324103322	3.786611703434412e-5	6.182334223548779e-9	0.007116367463990934	0.045478949710989564	4.1789741418841993e-7	4.703448691691378e-10	0.009314887578787557	0.00034727206813275555	0.006980732670869355	0.000252204078159609	2.506445698738007e-7	0.028901692440398544	0.00638136297670434	0.03352943518185873	3.006128566586339e-5	3.215088940186807e-10	0.03842270001644828	2.2263299012755963e-6	1.8135990321848523e-8	0.005515263153542281	0.01900686388678896	0.030465201921984757	0.02799437570439626	1.7175065478762546e-5	0.011266089885736963	1.5953189303106983e-8	0.04859762403580778	0.04041454911618125	0.00231068339877771	0.029409741123466216	6.320538857424449e-5	0.0100873022667719	0.036463897067509285	3.1487895977312936e-11	2.57602759475364e-12	0.03594694535529982	0.03146706719437605	0.002340780716015554	0.027406782247273952	8.793423372644638e-5	0.002212088722769342	0.005386112582528527	0.012279006799108405	0.013128485005465217	0.023006775556777277	0.05200495288052171	0.021008109419951824	0.02764225154016239	0.027666526436787013
0.03166905825240858	1.6100620262153012e-5	1.5101795426691773e-9	0.008586957777599949	0.045202750360013574	1.2836051298909855e-7	9.864299538683834e-11	0.006120567091728472	0.00016498430672224352	0.008108581553912794	0.00012028565479354246	7.616399984755857e-8	0.02842561957778599	0.004141642843509621	0.027508389145591595	1.2301213237199402e-5	6.511482622147487e-11	0.033490143420505616	7.530302518036243e-7	4.720773811728551e-9	0.003444722000626491	0.014500926909584318	0.0344539575021872	0.03259128640423015	6.74751073981943e-6	0.01336905746771723	4.132380875900087e-9	0.04960744595295246	0.03993291712464452	0.0013488901292440917	0.027333540805355938	2.7217552857258858e-5	0.006731543216617824	0.03598500413786474	5.7747603295347185e-12	4.420412159412322e-13	0.038807114039051745	0.036000859655147155	0.001307504401251296	0.021364984593648356	3.9481537148085163e-5	0.0012672102954058091	0.006143588047296223	0.015221131425975778	0.015568821406492265	0.025514659228418793	0.0525867754059619	0.024462401614885342	0.026704148829762485	0.030699712464543272
0.028183964209804874	6.591134082485207e-6	3.540635822687476e-10	0.010322509867884756	0.04333984290228216	3.790314958046108e-8	1.9797727280236964e-11	0.0038738749802479863	7.547184679159698e-5	0.009565316598181026	5.524151626939873e-5	2.2252814090638667e-8	0.02698885511688834	0.002589105601699896	0.02174428349852032	4.845239435751449e-6	1.2616324428085123e-11	0.02812778308688529	2.450488949714729e-7	1.1806813163645164e-9	0.0020725075497899682	0.01065779521542094	0.037764855318379295	0.036806448765987876	2.551860828240768e-6	0.015750493835432977	1.028617632189707e-9	0.04884837433881085	0.03805003999770778	0.0007584867704548762	0.02450192349241575	1.128430199657759e-5	0.004327149898810988	0.03429864384873107	1.0087185724186447e-12	9.655251451978483e-14	0.04049734948806584	0.03985462723756983	0.0007034014475973436	0.016045119211012406	1.706927650979701e-5	0.0006992191842667545	0.007171778946092711	0.01847309943103947	0.018045005397255974	0.027478994604557494	0.05128714344502257	0.02775993687314182	0.02489118972665616	0.03298257786191319
0.024204687846754173	2.6008899594904707e-6	7.973736956417279e-11	0.012189010918271983	0.04012082137913227	1.0770952067603237e-8	3.778908551269212e-12	0.002364914055533288	3.328416964574666e-5	0.011353751622008391	2.4459670383748392e-5	6.257923343345972e-9	0.02475476968320315	0.0015610775710604193	0.016581078721996167	1.839106345335284e-6	2.3338419478599743e-12	0.02279154997933081	7.68047069482959e-8	2.8401482125776793e-10	0.0012027269748644662	0.0075559517711796895	0.040097569243462826	0.04029003141796417	9.301533211249383e-7	0.01822554211819767	2.463264036802805e-10	0.046441874131437764	0.034997587436619744	0.000411357367398627	0.02120434726280078	4.509826050373326e-6	0.0026829495084614236	0.03159286753258113	1.5875470039852222e-13	4.327515334136623e-14	0.0408635623951006	0.04268927481809557	0.000364937287014586	0.011623612501321774	7.114724297300176e-6	0.00037210458687389274	0.008515669940710518	0.021850823924991235	0.020374052965326336	0.028710125808581406	0.048288903286953316	0.030630723653723976	0.022405145177101553	0.03430122194952337
0.020081790094103144	9.903641097556821e-7	1.726191246742662e-11	0.014173217832240008	0.0358940815052198	2.9484063947908262e-9	6.59249189363894e-13	0.001394232586635876	1.4167403316647312e-5	0.013465348924955278	1.0453485818608483e-5	1.6955484986355353e-9	0.021952635100040346	0.0009089365853441366	0.012212041595896703	6.733929383442093e-7	4.0623599506102836e-13	0.01783779930874736	2.3208403084338297e-8	6.573905382045208e-11	0.0006740630765313198	0.005173604434449716	0.04124161052178002	0.04273810973120102	3.2711944366711936e-7	0.020724881969599113	5.6807356982636214e-11	0.04267106903421255	0.031104009320236617	0.00021543180059193547	0.017733735284407748	1.7393268275008714e-6	0.0016065038686256872	0.028143188761135897	1.2472713940058347e-14	3.545035782459029e-14	0.039890490617185234	0.04425534238890823	0.00018281776490914456	0.008132572591734355	2.862276183486446e-6	0.0001912170098112335	0.010190890471421741	0.02516039615262444	0.022378229971791383	0.02909021358367455	0.0439354183878421	0.03283353429935358	0.019493184192123328	0.03453886663456665
0.01611283042893506	3.642487825108349e-7	3.5952981913458103e-12	0.016051973272183478	0.031064277297576562	7.782032040832356e-10	7.647887029731469e-14	0.0007946940268164912	5.826187983757754e-6	0.015822064528661597	4.316606232865801e-6	4.42991569651635e-10	0.018838281130206136	0.0005116504732374262	0.00869689997751479	2.3806696369039692e-7	6.022104736999607e-14	0.01349968220962885	6.767196055724289e-9	1.4607922109877507e-11	0.00036525051571350474	0.0034251555551457293	0.04110165831410504	0.04394058172792293	1.1110748957588284e-7	0.02297105428719002	1.2619862530964741e-11	0.03792572176245733	0.02673766016307698	0.00010906783146039556	0.014346776204500932	6.479898405368502e-7	0.000930051458709232	0.02426473367793476	-1.1907134214688213e-14	3.435629518245175e-14	0.03769783733209905	0.04442660033800423	8.853000258005734e-5	0.0055017824844609264	1.1125535049942558e-6	9.499001058353617e-5	0.012197925465350028	0.028143240268305895	0.023881437290758735	0.028584362380221412	0.038666370946046524	0.03416687357869029	0.016408023776164675	0.03368682107543519
0.01251559737132436	1.295111320732122e-7	7.218720606999305e-13	0.017808255128675073	0.026031255942813112	1.9828624575192247e-10	-2.800353377404049e-14	0.0004383962691367289	2.316960145142418e-6	0.018352051455871956	1.7238374204067636e-6	1.1166533835063501e-10	0.015656782979107078	0.0002787417930124203	0.005995248213415148	8.133066243987324e-8	7.305066586309484e-16	0.009889680575910696	1.9055639854332855e-9	3.0673675348971533e-12	0.0001915556888176179	0.002194930838383848	0.039710955032777745	0.043803493503759894	3.648075895644296e-8	0.02490728878745378	2.691476585383595e-12	0.03263777461913873	0.022252713565377367	5.343395437208723e-5	0.01123846616468613	2.3340303608097255e-7	0.0005211334328463574	0.02026539040168337	-1.585715530807888e-14	3.42107815500831e-14	0.03451417371353305	0.043214896436992625	4.148402836619277e-5	0.0036027766262568695	4.182090039709984e-7	4.566251134106979e-5	0.014492181605255058	0.03059835089475589	0.024762308713688633	0.027247236558558586	0.03294727152742271	0.03452138254488056	0.013374323318439102	0.03184421472154997
0.009420344845762499	4.455095946998275e-8	1.4089964725609725e-13	0.01917710428101935	0.021140975985488638	4.889131971425496e-11	-4.598983599097827e-14	0.0002342922496724554	8.917643388077159e-7	0.020887839982625854	6.663223448800224e-7	2.7137587990000155e-11	0.012613873060237556	0.00014710997951096542	0.004004566029503308	2.686893181581709e-8	-9.067363757255648e-15	0.007020281822989659	5.18560936054042e-10	5.542274468482923e-13	9.732744792636923e-5	0.0013628745473043401	0.03721667199862512	0.04236349706199695	1.1588864810567759e-8	0.026239453077512825	5.387079598875425e-13	0.027220313624849155	0.01794757500092652	2.5355497942018836e-5	0.008532288687356735	8.13470579733822e-8	0.0002829006581107469	0.016408710760269063	-1.648185528993541e-14	3.4192394907857236e-14	0.030637227709179232	0.04076090871260224	1.882777271038317e-5	0.0022859681877518633	1.5216081419261203e-7	2.1260627352679703e-5	0.01700086010065846	0.032299409948874674	0.024938741181237206	0.025206040738927012	0.027206808855712118	0.03386605961578791	0.01056634555451126	0.029194191479435375
0.0068773831534407704	1.4836997617871411e-8	2.789112453758501e-14	0.02019425746548465	0.01665477406439817	1.1756584608580137e-11	-4.896390693074104e-14	0.00012141206809096666	3.324292286477242e-7	0.023318324211894597	2.4947729748153804e-7	6.318921158855101e-12	0.00985938301943125	7.528047851752202e-5	0.002594313015433917	8.589486236534941e-9	-1.0613093598911438e-14	0.004833405749722977	1.3646137174266494e-10	2.5420406976269716e-14	4.7951377791610586e-5	0.0008207259190420362	0.03385608051090182	0.03977126726212828	3.5647563600301846e-9	0.02700529512720977	8.755696619693983e-14	0.02202115251882057	0.014040644907516012	1.1663451531749609e-5	0.00628379635487886	2.7452587822311197e-8	0.00014892090734695915	0.012891195858463357	-1.6578674960260137e-14	3.419019197406798e-14	0.026388328640941802	0.03730771582127833	8.28360739306994e-6	0.0014067408276590401	5.3628372879370225e-8	9.596153208277219e-6	0.019610872109378286	0.03314891438506889	0.024410444297258284	0.022642893246497858	0.0217921048696208	0.032277480751173496	0.008098392670252315	0.025976243541627458
0.004874239190374933	4.786716153567274e-9	6.7362817499132896e-15	0.020621848058406285	0.012738250728534545	2.842871042947142e-12	-4.943639768435434e-14	6.105707669917258e-5	1.2010222873681274e-7	0.02542449764866515	9.053696588720901e-8	1.3638772290496954e-12	0.007482844536493868	3.7383522378462004e-5	0.0016315319764389513	2.6585776121862843e-9	-1.084663864474434e-14	0.003230482193681935	3.474216839554495e-11	-8.22724850737682e-14	2.2927209627303718e-5	0.0004797701088868986	0.02991555354666445	0.03626937733605281	1.0626223271425125e-9	0.02697693228650138	-3.9810009804762705e-15	0.017295553049165024	0.010663648535647146	5.204942817498727e-6	0.004493165413783412	8.97648116393838e-9	7.608110938076847e-5	0.009834742964083187	-1.6593429045209445e-14	3.4189942424272475e-14	0.022071102906514296	0.03316054840259939	3.53578749257053e-6	0.0008403379044857567	1.8322740692076516e-8	4.202064969875472e-6	0.02217867818812537	0.03304891301172902	0.02322276800912619	0.019762816051987153	0.016945723917018086	0.029895283522519155	0.006026473155974755	0.02244772151674091
0.003356479422615752	1.496800576486488e-9	2.924254044953441e-15	0.020591737866066624	0.009466646605957692	7.749592364071419e-13	-4.950853454289314e-14	2.982004396702274e-5	4.207831715383251e-8	0.02711770543574985	3.186589414306241e-8	2.2301005082590097e-13	0.005518829946228125	1.802867094039928e-5	0.0009968692989253461	7.970827577632127e-10	-1.0880420451255625e-14	0.0020977924193224923	8.557091366853897e-12	-1.0353922191059821e-13	1.0646729841144896e-5	0.00027247115141360083	0.02569401459681815	0.03215026500497106	3.072182747816185e-10	0.026331927649067742	-2.1998106070887553e-14	0.01319883739315052	0.007869081960918001	2.2549800662544617e-6	0.0031218709833575565	2.8454743783070195e-9	3.7751227231700956e-5	0.007291635688275168	-1.6595644374827627e-14	3.4189915810987987e-14	0.017939786633337153	0.028644308965319693	1.4652569584254089e-6	0.00048769532663706257	6.0728518759074555e-9	1.7864243032247804e-6	0.024555684963246477	0.032065171659847756	0.021491083858116142	0.01677070457140909	0.012803271643359255	0.026928988852523227	0.004357845552833235	0.01885433262934296
0.002247509159137461	4.538660923274857e-10	2.262922475337551e-15	0.01994201152074432	0.0068413228844593195	3.108969074038395e-13	-4.9519119835617916e-14	1.4153991114587778e-5	1.4303534762523465e-8	0.028196936031084606	1.0883209991703375e-8	-3.138268523398217e-14	0.003958443397329952	8.449547015560943e-6	0.0005922290217799016	2.315683073960893e-10	-1.0885095887093151e-14	0.001324590803406077	2.034689429894925e-12	-1.0762015599940592e-13	4.805079926842959e-6	0.00015045094001273036	0.021465152331239204	0.02772103995067736	8.62280985490744e-11	0.024946769066299463	-2.5445821924255907e-14	0.009794586994066734	0.005646597031475003	9.49037760374762e-7	0.002109358189427986	8.748732419710029e-10	1.820642066100904e-5	0.005257848101368837	-1.6595972300101046e-14	3.418991315695415e-14	0.014181298735178035	0.02406377877999167	5.899175887197279e-7	0.00027518960089852897	1.953834050527063e-9	7.378182036383753e-7	0.026569536411112503	0.03025065368955242	0.019350276740108	0.01384528274029995	0.009406449739906102	0.023599014995621982	0.003064517246341896	0.01540248676614792
0.0014644917284325923	1.3350787550392156e-10	2.152454753263857e-15	0.01889871249337611	0.004811355336373005	2.100653478137043e-13	-4.9520612846799763e-14	6.533143444526876e-6	4.719545454422543e-9	0.02866155744790171	3.6083709658686402e-9	-8.638720862344481e-14	0.002763235779595405	3.850918401434601e-6	0.0003423470599019701	6.519159354172662e-11	-1.0885714522667057e-14	0.0008138533537200986	4.616800778714647e-13	-1.0838291019778783e-13	2.109039963880465e-6	8.08290552031632e-5	0.0174546240477547	0.023264534040778967	2.352896876150327e-11	0.023114997140084692	-2.6088802160455643e-14	0.007073163311578533	0.003942954461273173	3.8822962394154386e-7	0.0013870158238284483	2.6101735557631493e-10	8.53960300105852e-6	0.003690009040935719	-1.6596020100258854e-14	3.418991291219402e-14	0.010910195947899172	0.0196747281372957	2.3087897630192688e-7	0.00015108269445605213	6.105812481869694e-10	2.9622466454399274e-7	0.02810164587051204	0.027806394253901447	0.01696712952266027	0.011127623978481212	0.006725161013195298	0.020137384598478258	0.002097271401776018	0.012246958855887561
0.0009292855011237058	3.81121429382391e-11	2.134687974183292e-15	0.017379946698251846	0.0032952468730715143	1.8883089643556295e-13	-4.9520815263245546e-14	2.9341882223474233e-6	1.5121590971285937e-9	0.028389479053946884	1.1618211679903096e-9	-9.793570592159697e-14	0.001878587368321072	1.7076836668090586e-6	0.00019269201946174954	1.7766930282957933e-11	-1.088579269189638e-14	0.0004869179762071596	9.415247698840322e-14	-1.0852211939568736e-13	9.007981035340847e-7	4.227924254704394e-5	0.01382424949279322	0.019016777403944255	6.261619657331219e-12	0.020795780121697666	-2.6205968448014315e-14	0.00497426410601942	0.0026812655856280386	1.544488200806944e-7	0.0008882047610214243	7.559680988252382e-11	3.897861704531625e-6	0.002522227520479172	-1.65960269440605e-14	3.4189912891740895e-14	0.008174656315763477	0.015666424798244084	8.788965256652615e-8	8.075789972408895e-5	1.854336317299716e-10	1.1567638539806708e-7	0.02901219334153271	0.024879295088296016	0.014491491703372947	0.008711853560268655	0.004682345126419443	0.016737340667586077	0.0013978264923073342	0.009484280065622073
0.0005746173753985327	1.056267332926053e-11	2.13193683376004e-15	0.015657607227000433	0.0021993535316269883	1.8449162857999092e-13	-4.9520841640901315e-14	1.2829305964529918e-6	4.706356028972973e-10	0.02749653395033719	3.6334200557341225e-10	-1.0029386143783185e-13	0.0012446667364945617	7.372104723015824e-7	0.00010567077898492364	4.664615096627066e-12	-1.0885802110059447e-14	0.00028385107284522394	1.0907939057786434e-14	-1.0854699142984262e-13	3.745998315732667e-7	2.1544768828300387e-5	0.010671327349786349	0.015149693630275423	1.6413398550732922e-12	0.018321415834114185	-2.6226883494518734e-14	0.0034090055976059574	0.0017767853422167334	5.978266987752463e-8	0.0005542847107807947	2.1263458069036506e-11	1.7323032979477434e-6	0.0016802141188812679	-1.6596027903199884e-14	3.4189912890258146e-14	0.005969192750034958	0.01215729584837265	3.255952911038069e-8	4.205430006560321e-5	5.474182908374063e-11	4.395897417368526e-8	0.029275611894891	0.02171661516537158	0.012067618208184696	0.006648429540738185	0.0031769030123098485	0.013562396147246946	0.0009079144299938766	0.007158436049997531
0.0003464563216096292	2.8440992411964887e-12	2.1315267324298868e-15	0.013698070326111943	0.0014314170785391087	1.8363004129228143e-13	-4.952084494458269e-14	5.463526847431826e-7	1.4233453437758816e-10	0.025957237496227737	1.1033515713651848e-10	-1.0076300396974578e-13	0.0008041849768953336	3.0997342981002064e-7	5.6492922572833924e-5	1.1549207436273783e-12	-1.088580318982188e-14	0.00016132841148608823	-7.382295508019676e-15	-1.0855135190519069e-13	1.5174929822302098e-7	1.0701865615152554e-5	0.008033441421948527	0.011770009447533522	4.390035590165623e-13	0.015680288587035816	-2.6230549313012852e-14	0.002278185310403197	0.001148113189153202	2.2523928216668104e-8	0.000337295868003533	5.812384336715894e-12	7.499662776680551e-7	0.0010915406209158545	-1.6596028034279258e-14	3.4189912890175827e-14	0.004250585331177622	0.009199928792647053	1.1744017913758258e-8	2.1347104303346e-5	1.5694335719472108e-11	1.626461052519391e-8	0.028829661179611513	0.018470742119604287	0.009799740554440751	0.004948451839954684	0.002101860861503396	0.010716914181695963	0.0005750423744628387	0.005268997755112262
0.0002038046612294504	7.455371812572849e-13	2.1314678944526125e-15	0.011754328016001077	0.0009089980507351135	1.8346356849347647e-13	-4.952084534220961e-14	2.2671624904674146e-7	4.184883003137561e-11	0.02397743408907862	3.247557664832602e-11	-1.0085411179053308e-13	0.0005069877332494063	1.2699740732159933e-7	2.9458866081135877e-5	2.431357095256802e-13	-1.0885803307278264e-14	8.944558203114384e-5	-1.128352888852739e-14	-1.0855210345602492e-13	5.991162948672324e-8	5.184533793117216e-6	0.00590149137252334	0.00892287004840795	1.3436815809541976e-13	0.013160940966210441	-2.6231181314629792e-14	0.0014855178300015133	0.000723852938932351	8.263332826461388e-9	0.000200263236582444	1.5468297183615307e-12	3.1642515223791384e-7	0.0006919364303161227	-1.6596028051683537e-14	3.418991289017437e-14	0.002953467598612156	0.006793267135021489	4.126215992955038e-9	1.0568193286253491e-5	4.347031948889172e-12	5.861879624174507e-9	0.02776556189237262	0.015345824281862614	0.007768087085909495	0.0035944961110399585	0.0013568383200576399	0.00826581091908984	0.0003553628858368865	0.0037845269878975718
0.0001170347599372339	1.9172408022453858e-13	2.131459771836224e-15	0.009801507621635897	0.0005635488720535669	1.834322156061712e-13	-4.9520845388192336e-14	9.170594743367405e-8	1.1975726763016032e-11	0.02159932846522334	9.1985261730052e-12	-1.0087141776931228e-13	0.0003120470174849504	5.07192670853394e-8	1.4991244651098597e-5	1.3349529723324308e-14	-1.0885803319351717e-14	4.8401548393642515e-5	-1.209200924760611e-14	-1.0855223095289661e-13	2.306292440987742e-8	2.4507823855573446e-6	0.0042328845830661346	0.0066046449851815976	5.912486788839804e-14	0.010735512638761414	-2.6231288600826143e-14	0.0009456756237619312	0.00044553059991149887	2.9529446969154635e-9	0.00011607563192392352	4.0333350293596077e-13	1.301618172662238e-7	0.000428237816294079	-1.6596028053921352e-14	3.4189912890174836e-14	0.002003632655027333	0.004897452281512511	1.4127723915341127e-9	5.10515739830938e-6	1.1371973798591331e-12	2.0588573777750326e-9	0.026102185196412844	0.012435413644795475	0.006011445412333703	0.002549438839634444	0.00085511641440622	0.006223972112707275	0.00021438757719049865	0.0026540057750294556
6.56408752280964e-5	4.984037553132712e-14	2.1314586932422384e-15	0.008027368215071152	0.000341273950932243	1.834264493905858e-13	-4.9520845393300456e-14	3.617137351493794e-8	3.3481541125422593e-12	0.019055595168121355	2.4364641915936832e-12	-1.0087463946815197e-13	0.0001876079307353861	1.9752038623276068e-8	7.448326514098596e-6	-4.283994786613789e-14	-1.0885803320517275e-14	2.5575256274015265e-5	-1.225495618672774e-14	-1.0855225224819378e-13	8.66003403154026e-9	1.1309432827814507e-6	0.0029660184612959606	0.0047757300718554736	4.098287719351206e-14	0.008601729936593241	-2.6231306535137402e-14	0.000588054204948175	0.0002678530174143508	1.0281956709272504e-9	6.571324722352502e-5	1.055970032780285e-13	5.22195523804925e-8	0.000258894590348065	-1.6596028054199208e-14	3.418991289017494e-14	0.0013278339363636785	0.003449063821426436	4.715826416336129e-10	2.4074780484332957e-6	2.5264304869237757e-13	7.050438562131865e-10	0.024020203610470497	0.009855689297263616	0.004545984060609486	0.001766633928063541	0.0005264172756315584	0.004579520073603055	0.00012632961098290162	0.0018182524324420364
3.597502836348444e-5	1.454830549729614e-14	2.131458555533062e-15	0.006392582579710022	0.00020197343529841804	1.8342541186638125e-13	-4.9520845393845414e-14	1.391602204017494e-8	9.271776742958356e-13	0.016405350427666145	5.273152655280817e-13	-1.0087522830879871e-13	0.00011023110543853127	7.503227574700477e-9	3.614618332334511e-6	-5.6174100681727955e-14	-1.0885803320621897e-14	1.3201808278614522e-5	-1.2286932504002514e-14	-1.0855225574785556e-13	3.1732375122368155e-9	5.096820172056214e-7	0.0020313617264186077	0.0033753363912863987	3.670637602159935e-14	0.006700272562831266	-2.6231309484735207e-14	0.0003573734526791555	0.0001573703705531673	3.489290146775717e-10	3.635334778166807e-5	3.0288749146299203e-14	2.0438817465031173e-8	0.0001529652123155262	-1.6596028054232466e-14	3.418991289017496e-14	0.0008600733074033591	0.0023740945266562817	1.5352578526094757e-10	1.1087783986147277e-6	1.4951612646511714e-14	2.355273497564546e-10	0.021584984379032585	0.007625413129323368	0.003359626757293987	0.0011965717412308896	0.0003167105302017471	0.0032929583314962405	7.274386233205155e-5	0.0012175163017955827
1.9274789534432796e-5	6.024742451840357e-15	2.131458538636688e-15	0.0050067647242039385	0.00011687113773804476	1.834252288932776e-13	-4.9520845393901215e-14	5.223495505559457e-9	2.6706075758654914e-13	0.013845425038445797	3.401949338411445e-15	-1.008753341235556e-13	6.332541241349621e-5	2.78099589545623e-9	1.714023674531658e-6	-5.924543479307233e-14	-1.0885803320630473e-14	6.660043421045389e-6	-1.2293050299822759e-14	-1.0855225631288748e-13	1.1351032505968643e-9	2.2441298146164587e-7	0.0013605110094782056	0.0023328559967763967	3.571922114975684e-14	0.005135109583385518	-2.623130996121339e-14	0.00021235604234743212	9.039783259291296e-5	1.1544091612938162e-10	1.9661178286487218e-5	1.1782362734321567e-14	7.806759595864877e-9	8.83674950704051e-5	-1.659602805423629e-14	3.4189912890174975e-14	0.0005447596898522894	0.0015980067067906181	4.876406505941607e-11	4.989172433127097e-7	-4.739110015806259e-14	7.681408995420926e-11	0.019007097358592	0.005777279911199496	0.002428755833277778	0.0007926078920145932	0.0001863069643802992	0.0023162054570346983	4.0951190557637115e-5	0.0007972545334367922
1.0099985806368671e-5	4.025959573429173e-15	2.1314585366455903e-15	0.00381492100255018	6.615019868435645e-5	1.834251972159989e-13	-4.952084539390669e-14	1.9133790923052173e-9	9.216187180722057e-14	0.011410650597364758	-1.3635162974982814e-13	-1.0087535283470107e-13	3.55843103759765e-5	1.0059236932793295e-9	7.944654819522824e-7	-5.993220015406278e-14	-1.0885803320631092e-14	3.28484129680012e-6	-1.2294193207357447e-14	-1.0855225640232007e-13	3.9654444072509436e-10	9.656999598307883e-8	0.0008914705488661204	0.001577511886494545	3.5495705233240456e-14	0.003826720795035998	-2.623131003664231e-14	0.00012343442218627898	5.0791300624397184e-5	3.724755855187094e-11	1.0399897355811997e-5	7.363547315277063e-15	2.910590342433588e-9	4.993532292009079e-5	-1.6596028054236745e-14	3.4189912890174975e-14	0.0003375619116955859	0.0010523139318181097	1.5115438967012983e-11	2.1941934212355117e-7	-6.336909024267048e-14	2.449583342861114e-11	0.016351191297478893	0.004276344955170561	0.0017175185174684582	0.0005136588552534899	0.00010720684519142647	0.0015936327493697557	2.2547327437859913e-5	0.0005107406163236763
5.178009965773904e-6	3.570879184831977e-15	2.1314585364203957e-15	0.0028627593205805173	3.663883061706086e-5	1.8342519182592616e-13	-4.952084539390719e-14	6.840967836714874e-10	4.7135349430650136e-14	0.009227608754992876	-1.7258846388643543e-13	-1.0087535609107631e-13	1.9566732913820348e-5	3.551400563702857e-10	3.600612188660936e-7	-6.008130090582149e-14	-1.088580332063111e-14	1.5845128812576529e-6	-1.2294402051141897e-14	-1.0855225641616241e-13	1.3535019632697319e-10	4.062808224165581e-8	0.0005717485414790397	0.001044133123716807	3.544597953606256e-14	0.002810645710638898	-2.6231310048313887e-14	7.021333921689154e-5	2.792487465586729e-5	1.172865212112221e-11	5.382349565455378e-6	6.3383347623851585e-15	1.0594300317274497e-9	2.761281280463741e-5	-1.6596028054236808e-14	3.4189912890174975e-14	0.00020472364058652298	0.000678254538515216	4.571628573527506e-12	9.434871810211754e-8	-6.737544572057702e-14	7.669787666919679e-12	0.013799406004270607	0.003103235867460181	0.0011892088194916217	0.0003258407189386216	6.0370355657411026e-5	0.0010735998202803753	1.2146414862143054e-5	0.0003202560667386252
2.5981990515204077e-6	3.4702920317607512e-15	2.1314585363959706e-15	0.002090736761571158	1.9865615409093467e-5	1.8342519092394545e-13	-4.9520845393907235e-14	2.387708814787361e-10	3.587337998904751e-14	0.007292118099923793	-1.8172108630550788e-13	-1.0087535664853243e-13	1.0532163759724494e-5	1.2236845708289667e-10	1.5960508497307986e-7	-6.011273640014135e-14	-1.0885803320631079e-14	7.47754645364514e-7	-1.229443944734101e-14	-1.085522564182521e-13	4.516104610139453e-11	1.671609578241731e-8	0.0003590549519976092	0.0006767633445541848	3.543509364994187e-14	0.0020072202371519015	-2.6231310050074546e-14	3.910047519695331e-5	1.5028843906271914e-5	3.6109470595561522e-12	2.726436669693917e-6	6.107209723117341e-15	3.765388972949905e-10	1.4947231502754256e-5	-1.6596028054236846e-14	3.4189912890174975e-14	0.00012156986557330924	0.0004280553166354807	1.3468550940923748e-12	3.967858357091793e-8	-6.835953347391595e-14	2.3875348966407012e-12	0.01138225287693758	0.0022015734052572454	0.0008061399738185245	0.00020239207875937096	3.328132148280187e-5	0.0007080776169263541	6.404406754423362e-6	0.0001966261162126822
1.2764239095727958e-6	3.4487117108301058e-15	2.1314585363934313e-15	0.0015058581572004886	1.0547841999471759e-5	1.8342519077551045e-13	-4.952084539390722e-14	8.136848521417959e-11	3.3137217892176365e-14	0.005659742314061615	-1.8395798165142352e-13	-1.0087535674228998e-13	5.551425269587779e-6	4.112229702018593e-11	6.921487369814004e-8	-6.01191740139113e-14	-1.0885803320631066e-14	3.4532719409798786e-7	-1.2294446021543824e-14	-1.0855225641855903e-13	1.4742020206377384e-11	6.7281259512592745e-9	0.00022087998950780425	0.0004297129605312092	3.543274565248931e-14	0.0014153980471781698	-2.6231310050332822e-14	2.1324713833187772e-5	7.920306032150261e-6	1.0934883141132016e-12	1.3522190942618005e-6	6.056581889041865e-15	1.3068582616543865e-10	7.923293853313727e-6	-1.6596028054236884e-14	3.4189912890174975e-14	7.07116708132381e-5	0.0002646299071865847	3.837123107819765e-13	1.6325766848966642e-8	-6.859665267061948e-14	7.679724756956926e-13	0.009220935801643987	0.0015329906849506037	0.0005355168105740662	0.0001231511864530088	1.7968448604492812e-5	0.0004576606619183098	3.30619548263832e-6	0.00011825664220315508
6.141374987405658e-7	3.4442187029763777e-15	2.131458536393178e-15	0.001055808874901489	5.486133328093529e-6	1.8342519075150573e-13	-4.952084539390721e-14	2.7077988502285756e-11	3.249166508565171e-14	0.004295526189970546	-1.844903576557037e-13	-1.0087535675775589e-13	2.8662616702892957e-6	1.3443379014742491e-11	2.9372138257078577e-8	-6.012045491209641e-14	-1.0885803320631047e-14	1.5610835555595746e-7	-1.2294447158208053e-14	-1.0855225641860279e-13	4.7159341796934935e-12	2.649866886504384e-9	0.00013314742240481514	0.0002673989784556547	3.5432246257389454e-14	0.0009701910112122501	-2.6231310050369576e-14	1.1393803125137979e-5	4.0886377640977615e-6	3.322570360952651e-13	6.568474239354616e-7	6.045807105518471e-15	4.428925690680236e-11	4.114168622261105e-6	-1.659602805423687e-14	3.4189912890174975e-14	4.030123702243288e-5	0.00016031230489774536	1.0264595037939066e-13	6.573875865556581e-9	-6.865277572339603e-14	2.8271831518347616e-13	0.007303721372697152	0.001044120957555831	0.000348547685147839	7.342742775123488e-5	9.503842860352185e-6	0.00028980906037264225	1.6715761444992788e-6	6.969121798730297e-5
2.8947464414204607e-7	3.4433111854269648e-15	2.1314585363931532e-15	0.0007310621036336183	2.796012153401631e-6	1.8342519074769592e-13	-4.95208453939072e-14	8.80242203720267e-12	3.234381415006381e-14	0.003204797356120987	-1.8461344106168777e-13	-1.0087535676025297e-13	1.450030776278877e-6	4.237797159300851e-12	1.2199566241427348e-8	-6.012070262425177e-14	-1.0885803320631022e-14	6.909562180202871e-8	-1.2294447351774176e-14	-1.0855225641860885e-13	1.485068465152133e-12	1.0215063036871898e-9	7.867777248467554e-5	0.00016312580885063292	3.543214148599621e-14	0.0006579047396073599	-2.6231310050374625e-14	5.965935372712223e-6	2.068057407515464e-6	1.0778964501412945e-13	3.1259181719732045e-7	6.0435794104730795e-15	1.4649290397090253e-11	2.0932197677534607e-6	-1.659602805423687e-14	3.4189912890174975e-14	2.2513856292998052e-5	9.519944890445601e-5	2.2456891613442737e-14	2.5913629331365184e-9	-6.866584100778167e-14	1.4054799360636147e-13	0.005688479073681509	0.0006987680061664957	0.00022248245951961577	4.2917629906650924e-5	4.926101285483044e-6	0.00017999103106489502	8.279226865315029e-7	4.026020498385786e-5
1.3370481683369788e-7	3.443133416821494e-15	2.13145853639315e-15	0.0004928168797159897	1.3966909005038636e-6	1.8342519074710356e-13	-4.9520845393907185e-14	2.7977173942803866e-12	3.2310958461767734e-14	0.0023395479895121944	-1.8464107470490768e-13	-1.0087535676064671e-13	7.18958760992273e-7	1.248413928696676e-12	4.9602479327635296e-9	-6.012074920764315e-14	-1.0885803320631003e-14	2.995019473538588e-8	-1.2294447384272384e-14	-1.0855225641860966e-13	4.666401111796515e-13	3.8553428091094015e-10	4.558621520887504e-5	9.759486966276333e-5	3.5432119809514625e-14	0.0004334614334038116	-2.6231310050375304e-14	3.0622402506460682e-6	1.0252044173096333e-6	4.323596274373109e-14	1.457835193683276e-7	6.043132041748516e-15	4.721170466578431e-12	1.0438039258166086e-6	-1.659602805423687e-14	3.4189912890174975e-14	1.2331609898512764e-5	5.543422387856899e-5	7.478505041415068e-17	1.0002627217744188e-9	-6.866883594824262e-14	9.978939564315712e-14	0.004333200346560601	0.0004576052299948196	0.00013923424531929267	2.4595969150650835e-5	2.5029285934563518e-6	0.00010959072866336071	4.018152140906152e-7	2.2804612942259997e-5
6.053203154783895e-8	3.443099661215049e-15	2.1314585363931485e-15	0.0003285252588168576	6.84003747595554e-7	1.8342519074701354e-13	-4.952084539390717e-14	8.719256635764184e-13	3.2303878591570467e-14	0.0016803157035439448	-1.8464709672204897e-13	-1.008753567607072e-13	3.4946293155555144e-7	3.004238884495917e-13	1.9745923727970028e-9	-6.01207577315491e-14	-1.0885803320631003e-14	1.2716291954524823e-8	-1.2294447389653504e-14	-1.0855225641860978e-13	1.52436967195075e-13	1.4250206439457997e-10	2.5907212840355022e-5	5.727892926537373e-5	3.543211539030593e-14	0.00028309378137886525	-2.623131005037538e-14	1.5412546163375107e-6	4.982285495416408e-7	2.512831608521234e-14	6.664592320650957e-8	6.0430447935613485e-15	1.4740643143559804e-12	5.102686506851396e-7	-1.659602805423687e-14	3.4189912890174975e-14	6.624453412454238e-6	3.1661261045923675e-5	-6.041577788290189e-15	3.781624924178914e-10	-6.866951253304749e-14	8.834658036833796e-14	0.0032494061689216317	0.00029477505216842295	8.551452091364815e-5	1.382647642080927e-5	1.2469621391564106e-6	6.54910495215034e-5	1.9113163624848074e-7	1.2670140643933954e-5
2.6867563732043774e-8	3.443093451152883e-15	2.131458536393148e-15	0.00021320841130444945	3.284828469257027e-7	1.8342519074700019e-13	-4.952084539390716e-14	2.6904582701532283e-13	3.2302400399902436e-14	0.0011815398454606036	-1.846483698414414e-13	-1.0087535676071623e-13	1.6655752191936272e-7	6.811648225271113e-15	7.696903959378711e-10	-6.012075925042466e-14	-1.0885803320631003e-14	5.289463231156909e-9	-1.2294447390531963e-14	-1.085522564186098e-13	5.750116359454511e-14	5.160492012622446e-11	1.4444813360886983e-5	3.2988915828634585e-5	3.54321145036103e-14	0.00017950373329210924	-2.623131005037538e-14	7.608422368598059e-7	2.3741815206284316e-7	2.0173657600159396e-14	2.9873359050326473e-8	6.0430282728175944e-15	4.370551870341138e-13	2.4459635572880215e-7	-1.659602805423687e-14	3.4189912890174975e-14	3.4910472478031195e-6	1.7741977373046908e-5	-7.679365423117565e-15	1.4004220265695427e-10	-6.86696632422574e-14	8.519800945964556e-14	0.002383773903831493	0.00018585635566660357	5.152313605021931e-5	7.625141500323992e-6	6.092929641437545e-7	3.8389430968801324e-5	8.91240352272741e-8	6.906095064406149e-6
1.1694292819925528e-8	3.443092344972363e-15	2.131458536393147e-15	0.00013701711484724247	1.5472221594072994e-7	1.8342519074699827e-13	-4.9520845393907134e-14	8.482173759433457e-14	3.230210165662171e-14	0.0008180200795292475	-1.8464863076751636e-13	-1.0087535676071753e-13	7.785373708885656e-8	-8.201503854733533e-14	2.9379507332449856e-10	-6.012075951425635e-14	-1.0885803320631003e-14	2.155874939140475e-9	-1.2294447390673185e-14	-1.0855225641860981e-13	2.938921900626137e-14	1.8322344285635143e-11	7.9037645881722e-6	1.864876221053804e-5	3.543211432878629e-14	0.00011306529286040683	-2.6231310050375386e-14	3.6847702930123895e-7	1.1095677538078654e-7	1.885110972449924e-14	1.3132517731512307e-8	6.0430252363441e-15	1.1366562580348632e-13	1.149894084268029e-7	-1.659602805423687e-14	3.4189912890174975e-14	1.8052623704754476e-6	9.756892632541531e-6	-8.109494878325639e-15	5.0781700009747345e-11	-6.866969634617267e-14	8.434813880735999e-14	0.001723471692924715	0.00011539134436157396	3.0484035578940718e-5	4.126956450439191e-6	2.920589070326679e-7	2.2100963411178317e-5	4.074647749585432e-8	3.6942683369481334e-6
4.992464021417196e-9	3.4430921543387966e-15	2.131458536393146e-15	8.570726995843259e-5	7.14923746869021e-8	1.83425190746998e-13	-4.9520845393907134e-14	2.9876538376055395e-14	3.2302043288132616e-14	0.000554770631380634	-1.8464868256511107e-13	-1.008753567607177e-13	3.569638636842483e-8	-1.0826680699220216e-13	1.0980914427465333e-10	-6.012075955898644e-14	-1.088580332063099e-14	8.611091055121867e-10	-1.2294447390695516e-14	-1.0855225641860981e-13	2.1224732800263735e-14	6.3884071977340734e-12	4.244878846719413e-6	1.0350608610618251e-5	3.543211429497479e-14	6.907136331268475e-5	-2.623131005037537e-14	1.7511372402133408e-7	5.0865949317733415e-8	1.850668777936108e-14	5.663307665058881e-9	6.043024694788987e-15	1.5193946865392258e-14	5.302732322253127e-8	-1.659602805423687e-14	3.4189912890174975e-14	9.162232229669634e-7	5.266904149746995e-6	-8.220402006911714e-15	1.800169509957871e-11	-6.866970351406118e-14	8.412288911593775e-14	0.0012192057918549474	7.012935807487165e-5	1.7702236467361294e-5	2.1923177760007033e-6	1.3736629167208913e-7	1.2486285556238762e-5	1.826778196857873e-8	1.9396669336053995e-6
2.0909332336521737e-9	3.44309212258412e-15	2.131458536393145e-15	5.3159840514867244e-5	3.241204629631197e-8	1.8342519074699794e-13	-4.952084539390712e-14	1.3883299848107586e-14	3.2302032281393626e-14	0.0003706961274023382	-1.8464869251391618e-13	-1.0087535676071773e-13	1.6057103350377646e-8	-1.1584672474684154e-13	4.017446710544847e-11	-6.012075956639936e-14	-1.0885803320630959e-14	3.3710559619521385e-10	-1.2294447390698978e-14	-1.0855225641860983e-13	1.8897101113650028e-14	2.1968714287143076e-12	2.238295646929907e-6	5.641592364278418e-6	3.543211428857184e-14	4.201205294740532e-5	-2.6231310050375357e-14	8.168180602917932e-8	2.2877257435644787e-8	1.8419170954703777e-14	2.3963751972997153e-9	6.043024601098173e-15	-1.4081701008147802e-14	2.399075393157389e-8	-1.659602805423687e-14	3.4189912890174975e-14	4.5648359708657936e-7	2.791440730544996e-6	-8.248508537435189e-15	6.203529021731898e-12	-6.86697050428575e-14	8.406421178511431e-14	0.0008509732963935808	4.201538787986651e-5	1.0100036936410654e-5	1.143448500183431e-6	6.340833111703996e-8	6.932389505614397e-6	8.032323683146395e-9	9.999398383995783e-7
8.592784136812493e-10	3.4430921174772963e-15	2.1314585363931445e-15	3.208375742294577e-5	1.4419748436993564e-8	1.8342519074699796e-13	-4.952084539390711e-14	9.340714407709284e-15	3.230203028248259e-14	0.00024275668619871127	-1.8464869436019684e-13	-1.0087535676071773e-13	7.087105332495662e-9	-1.1798521250080618e-13	1.4371027265457446e-11	-6.012075956760223e-14	-1.0885803320630946e-14	1.2935308890251164e-10	-1.2294447390699524e-14	-1.0855225641860985e-13	1.824509854395091e-14	7.54379624573007e-13	1.1589108613815222e-6	3.0204194703577567e-6	3.543211428738667e-14	2.4750666490061558e-5	-2.6231310050375357e-14	3.740382532062116e-8	1.0095932079672481e-8	1.8397470894177708e-14	9.951844284937024e-10	6.043024585381508e-15	-2.257862658194481e-14	1.0650037653693071e-8	-1.659602805423687e-14	3.4189912890174975e-14	2.2330234956501647e-7	1.452821614112428e-6	-8.255517005994412e-15	2.0400396254110983e-12	-6.866970536369274e-14	8.404917392226599e-14	0.0005811962380906774	2.463912242304111e-5	5.658300470001401e-6	5.855888977652075e-7	2.8731059255889934e-8	3.7785126517409693e-6	3.464238660071713e-9	5.061807535789359e-7
3.4655677800054333e-10	3.4430921166855115e-15	2.1314585363931437e-15	1.922560864039286e-5	6.296075740899227e-9	1.8342519074699796e-13	-4.9520845393907084e-14	8.081945573527127e-15	3.230202993390973e-14	0.00015672802258925273	-1.8464869469064863e-13	-1.0087535676071773e-13	3.0695961703022637e-9	-1.1857478071605138e-13	5.0089249018386024e-12	-6.01207595677937e-14	-1.0885803320630927e-14	4.8648949065761494e-11	-1.2294447390699596e-14	-1.0855225641860987e-13	1.8065475970449298e-14	2.678143483488014e-13	5.893327496871342e-7	1.5886656678466486e-6	3.54321142871726e-14	1.4553012259447705e-5	-2.6231310050375348e-14	1.6818593704326083e-8	4.372286162291456e-9	1.83922196921909e-14	4.057094513014323e-10	6.043024582826211e-15	-2.4985807280298694e-14	4.639530416954557e-9	-1.659602805423687e-14	3.4189912890174975e-14	1.0726957554871841e-7	7.426521330746776e-7	-8.257238385860009e-15	5.988037613662391e-13	-6.866970542985492e-14	8.404537905994877e-14	0.00039207503356613086	1.4259355451508456e-5	3.1159525830914837e-6	2.9455938367177786e-7	1.2781397352162009e-8	2.0249972739021535e-6	1.4656578888819262e-9	2.516884051225606e-7
1.3719061315356017e-10	3.4430921165673736e-15	2.131458536393142e-15	1.1205772568252932e-5	2.69831043629262e-9	1.83425190746998e-13	-4.952084539390707e-14	7.741726585867475e-15	3.230202987578868e-14	9.921229674242607e-5	-1.8464869474755554e-13	-1.008753567607177e-13	1.3048121716824582e-9	-1.1873363587243444e-13	1.6828260467848053e-12	-6.012075956782364e-14	-1.0885803320630927e-14	1.792720356888804e-11	-1.22944473906996e-14	-1.0855225641860991e-13	1.8016758132073824e-14	1.0689605147963661e-13	2.94368328268651e-7	8.210940922854428e-7	3.5432114287134923e-14	8.275311900883172e-6	-2.6231310050375345e-14	7.427347851560402e-9	1.8583916640469915e-9	1.8390979290064737e-14	1.623949946376188e-10	6.043024582423778e-15	-2.5651322592863527e-14	1.9836204658726496e-9	-1.659602805423687e-14	3.4189912890174975e-14	5.061060354803129e-8	3.7291839659870765e-7	-8.25765525272926e-15	1.0917935600293768e-13	-6.86697054432422e-14	8.404443537193415e-14	0.0002588145512914248	8.076107631653754e-6	1.6854410682562166e-6	1.4553238150197998e-7	5.58343515430994e-9	1.0657318851373493e-6	6.083649581652765e-10	1.2293196616220407e-7
5.330976224221774e-11	3.4430921165504518e-15	2.1314585363931414e-15	6.492974828142269e-6	1.1351749630707733e-9	1.8342519074699796e-13	-4.952084539390706e-14	7.652064503135537e-15	3.230202986658002e-14	6.194947792915353e-5	-1.8464869475695384e-13	-1.0087535676071773e-13	5.443807077391102e-10	-1.187754741022691e-13	5.257151831577739e-13	-6.012075956782825e-14	-1.0885803320630909e-14	6.465356376794853e-12	-1.2294447390699596e-14	-1.0855225641860994e-13	1.800373657691414e-14	5.469601034381655e-14	1.4445283507853087e-7	4.1706498586172583e-7	3.5432114287128474e-14	4.7082741798645825e-6	-2.623131005037533e-14	3.222177144145156e-9	7.753035196026472e-10	1.839069321886568e-14	6.382876776583327e-11	6.043024582362405e-15	-2.5830836452684545e-14	8.324234522316114e-10	-1.659602805423687e-14	3.4189912890174975e-14	2.3455497293164482e-8	1.839757018395871e-7	-8.257754871509853e-15	-5.415507131178312e-14	-6.866970544589599e-14	8.404420399008868e-14	0.0001689292550607681	4.5190115356630424e-6	8.965060248413256e-7	7.064619013210009e-8	2.395514410076104e-9	5.517716958298078e-7	2.4778196267227375e-10	5.899975362439749e-8
2.0329625745886245e-11	3.443092116548132e-15	2.13145853639314e-15	3.6576321870855888e-6	4.688243181700569e-10	1.83425190746998e-13	-4.9520845393907046e-14	7.629032293382333e-15	3.230202986520737e-14	3.7943668730278054e-5	-1.8464869475843543e-13	-1.0087535676071773e-13	2.22928779451833e-10	-1.187862469053904e-13	1.315350018475724e-13	-6.012075956782894e-14	-1.088580332063087e-14	2.273781564932364e-12	-1.2294447390699612e-14	-1.0855225641860995e-13	1.8000303473027152e-14	3.8080216942035125e-14	6.964509608562335e-8	2.0823189601307345e-7	3.5432114287127413e-14	2.585927743085424e-6	-2.6231310050375323e-14	1.3735127932733154e-9	3.175009837920096e-10	1.8390628783111086e-14	2.4629439095134138e-11	6.043024582353336e-15	-2.5878063496239428e-14	3.429000616295451e-10	-1.659602805423687e-14	3.4189912890174975e-14	1.0679200690767675e-8	8.918185276577503e-8	-8.257778376410448e-15	-1.0769002197992308e-13	-6.866970544641059e-14	8.404414803509002e-14	0.00010788704934499806	2.473816581080059e-6	4.6852424855353277e-7	3.3693254826365414e-8	1.0095843866985595e-9	2.80605292832494e-7	9.905549684021301e-11	2.7824031056248895e-8
7.601081438089181e-12	3.443092116547829e-15	2.131458536393139e-15	2.050902255976953e-6	1.900819527729771e-10	1.83425190746998e-13	-4.9520845393907033e-14	7.62326803438264e-15	3.230202986501819e-14	2.29341029462449e-5	-1.8464869475865684e-13	-1.0087535676071773e-13	8.960570430159924e-11	-1.1878895937453544e-13	4.688798663071258e-17	-6.012075956782904e-14	-1.0885803320630839e-14	7.711017013731e-13	-1.2294447390699615e-14	-1.0855225641860997e-13	1.799940995520982e-14	3.288788794281021e-14	3.299570244409906e-8	1.0220329709790434e-7	3.5432114287127237e-14	1.4249563368845996e-6	-2.6231310050375307e-14	5.754516107808842e-10	1.2763919753664077e-10	1.83906146025508e-14	9.320112056578138e-12	6.0430245823520425e-15	-2.5890176973688772e-14	1.386647467369725e-10	-1.659602805423687e-14	3.4189912890174975e-14	4.777127939036422e-9	4.2482555251635685e-8	-8.257783853706483e-15	-1.2494131844365734e-13	-6.866970544650807e-14	8.404413468832711e-14	6.819816187448287e-5	1.339474678429981e-6	2.408654831130328e-7	1.5792700470506157e-8	4.180351212893968e-10	1.4045182442456395e-7	3.8895700064021584e-11	1.28978742003242e-8
2.7776913845457766e-12	3.4430921165477918e-15	2.1314585363931382e-15	1.1173210064010219e-6	7.565199542616039e-11	1.83425190746998e-13	-4.952084539390702e-14	7.62186329380646e-15	3.2302029864994925e-14	1.3602962706958188e-5	-1.846486947586878e-13	-1.0087535676071773e-13	3.534762279235523e-11	-1.1878962741435952e-13	-4.290001432737709e-14	-6.012075956782907e-14	-1.088580332063082e-14	2.4293016869719025e-13	-1.2294447390699615e-14	-1.0855225641860999e-13	1.7999180251612794e-14	3.129411869948614e-14	1.5361542513625577e-8	4.932046444501869e-8	3.543211428712721e-14	7.563678139413778e-7	-2.6231310050375294e-14	2.3704182182222836e-10	5.037468032216619e-11	1.8390611551894052e-14	3.4464008696925483e-12	6.043024582351872e-15	-2.589320479004144e-14	5.5054750816896155e-11	-1.659602805423687e-14	3.4189912890174975e-14	2.0997552974954877e-9	1.9888418886595223e-8	-8.25778511417683e-15	-1.3041059303834749e-13	-6.866970544652609e-14	8.404413154903749e-14	4.217675197433715e-5	7.09196365373659e-7	1.2168930883728831e-7	7.274309301611719e-9	1.7009387333864044e-10	6.906685128727626e-8	1.502978648409929e-11	5.876636959098437e-9
9.82585991871025e-13	3.443092116547788e-15	2.1314585363931374e-15	6.06647311245339e-7	2.9546885176703475e-11	1.83425190746998e-13	-4.952084539390701e-14	7.621530168877319e-15	3.230202986499259e-14	7.964837379745004e-6	-1.8464869475869176e-13	-1.0087535676071773e-13	1.367941889399005e-11	-1.187897884014412e-13	-5.663418088122831e-14	-6.012075956782907e-14	-1.0885803320630801e-14	6.089473570549741e-14	-1.2294447390699615e-14	-1.0855225641861001e-13	1.7999121903698848e-14	3.081331395909791e-14	7.02885693771476e-9	2.340252750927176e-8	3.5432114287127205e-14	4.039829055345767e-7	-2.623131005037528e-14	9.60572263875173e-11	1.951887324688272e-11	1.839061090994407e-14	1.2317329927050618e-12	6.043024582351853e-15	-2.589394189246103e-14	2.1466652592304646e-11	-1.659602805423687e-14	3.4189912890174975e-14	9.069301385672486e-10	9.151270493576455e-9	-8.25778540051169e-15	-1.321177530411373e-13	-6.866970544652932e-14	8.404413082130219e-14	2.5842315063863847e-5	3.718528700365202e-7	6.049441705316724e-8	3.293704117656691e-9	6.802522759424597e-11	3.3443061772093355e-8	5.744153807973435e-12	2.6327228351865196e-9
3.2625832812761655e-13	3.443092116547787e-15	2.1314585363931366e-15	3.1982020711678686e-7	1.1313861226244368e-11	1.83425190746998e-13	-4.9520845393906995e-14	7.621453357172167e-15	3.2302029864992463e-14	4.578214779270318e-6	-1.846486947586922e-13	-1.0087535676071773e-13	5.187586344345786e-12	-1.187898263779129e-13	-6.09340851443679e-14	-6.012075956782907e-14	-1.0885803320630782e-14	-6.322632306456708e-16	-1.2294447390699615e-14	-1.0855225641861004e-13	1.799910725860316e-14	3.0670662277113114e-14	3.1608148294627278e-9	1.092021805053618e-8	3.5432114287127205e-14	2.0736214467774523e-7	-2.6231310050375272e-14	3.833279536864866e-11	7.425971637940191e-12	1.839061077770757e-14	4.1076577816012373e-13	6.0430245823518406e-15	-2.5894116541659685e-14	8.225275250280159e-12	-1.659602805423687e-14	3.4189912890174975e-14	3.8495284541931316e-10	4.138861811895647e-9	-8.257785464672283e-15	-1.3264277106051686e-13	-6.86697054465299e-14	8.404413065516646e-14	1.5489014231104176e-5	1.9053180735515688e-7	2.955855308766476e-8	1.4658189996103298e-9	2.6747375474812523e-11	1.5911841940294285e-8	2.200876137213435e-12	1.15962948596236e-9
9.043612250708625e-14	3.4430921165477874e-15	2.1314585363931366e-15	1.6822009447132384e-7	4.236190953987614e-12	1.83425190746998e-13	-4.952084539390697e-14	7.621436153257675e-15	3.230202986499249e-14	2.5985205219145393e-6	-1.8464869475869226e-13	-1.0087535676071773e-13	1.9216014790631825e-12	-1.187898351518724e-13	-6.225189044122294e-14	-6.012075956782907e-14	-1.0885803320630763e-14	-2.1029198270797668e-14	-1.2294447390699615e-14	-1.0855225641861006e-13	1.7999103627398508e-14	3.062900805159985e-14	1.3970999484101399e-9	5.011308360297005e-9	3.5432114287127205e-14	1.0741527195866746e-7	-2.6231310050375263e-14	1.509945129443579e-11	2.7746444511907234e-12	1.8390610751018104e-14	1.1143029976405744e-13	6.043024582351847e-15	-2.58941567839649e-14	3.1023720609728184e-12	-1.659602805423687e-14	3.4189912890174975e-14	1.60576203468635e-10	1.8400454888401232e-9	-8.257785478839272e-15	-1.328019710174599e-13	-6.866970544652998e-14	8.404413061785208e-14	9.205704729805275e-6	9.679951978178909e-8	1.421465163056719e-8	6.413833946683593e-10	1.0345088171913467e-11	7.458168780908927e-9	8.748654966473184e-13	5.023865251411028e-10
7.137048651739257e-15	3.4430921165477874e-15	2.1314585363931362e-15	8.586311398508528e-8	1.539333830224102e-12	1.83425190746998e-13	-4.952084539390696e-14	7.621432414987478e-15	3.23020298649925e-14	1.4484113531512928e-6	-1.846486947586923e-13	-1.0087535676071773e-13	6.888745496232137e-13	-1.1878983713841807e-13	-6.264718257386597e-14	-6.012075956782907e-14	-1.088580332063072e-14	-2.7662373466705864e-14	-1.2294447390699615e-14	-1.0855225641861009e-13	1.799910273849332e-14	3.061702841978237e-14	6.069379470739997e-10	2.2618992464606257e-9	3.5432114287127205e-14	5.3347915461987775e-8	-2.623131005037526e-14	5.903705368261811e-12	1.0188089952517797e-12	1.8390610745734607e-14	4.0252211496321764e-15	6.0430245823518595e-15	-2.5894165791966214e-14	1.157279138187726e-12	-1.659602805423687e-14	3.4189912890174975e-14	6.582517170454206e-11	8.041849319767235e-10	-8.257785481918068e-15	-1.3284960029855198e-13	-6.866970544653e-14	8.404413060961579e-14	5.351295216931017e-6	4.8024507713458015e-8	6.719527922532767e-9	2.7588677098488296e-10	3.9394742406253755e-12	3.4353956159813513e-9	3.8821773131481083e-13	2.140574958186869e-10
-2.180043914301322e-14	3.4430921165477874e-15	2.131458536393135e-15	4.3768466398887305e-8	5.306154783262011e-13	1.83425190746998e-13	-4.9520845393906945e-14	7.621431628164998e-15	3.23020298649925e-14	7.973412267962326e-7	-1.8464869475869234e-13	-1.0087535676071773e-13	2.322501210862628e-13	-1.1878983757951142e-13	-6.276321673690103e-14	-6.012075956782907e-14	-1.08858033206307e-14	-2.977884191122656e-14	-1.2294447390699615e-14	-1.0855225641861011e-13	1.7999102523833646e-14	3.061363241635437e-14	2.591678663370063e-10	1.004179685802992e-9	3.5432114287127205e-14	2.68172163282036e-8	-2.623131005037526e-14	2.323482821874106e-12	3.6830065107070223e-13	1.839061074470756e-14	-3.392010407594242e-14	6.043024582351872e-15	-2.5894167748294754e-14	4.324993458461978e-13	-1.659602805423687e-14	3.4189912890174975e-14	2.6515305564033722e-11	3.455598603422862e-10	-8.25778548257574e-15	-1.32863668041079e-13	-6.866970544653e-14	8.40441306078313e-14	3.087083022712061e-6	2.365423658049655e-8	3.126819406452506e-9	1.166997395973158e-10	1.4803563989342423e-12	1.5596596264551408e-9	2.1308200778074676e-13	8.974103998137223e-11
-3.169150775481353e-14	3.4430921165477874e-15	2.1314585363931335e-15	2.163751733526724e-8	1.6025263856424892e-13	1.83425190746998e-13	-4.952084539390693e-14	7.621431468076327e-15	3.23020298649925e-14	4.3122100830904603e-7	-1.846486947586923e-13	-1.0087535676071773e-13	6.625999349178463e-14	-1.1878983767563684e-13	-6.279654153785398e-14	-6.012075956782907e-14	-1.0885803320630681e-14	-3.044155348615894e-14	-1.2294447390699615e-14	-1.0855225641861012e-13	1.799910247274852e-14	3.061268275698049e-14	1.0876255682025569e-10	4.3855143027809436e-10	3.5432114287127205e-14	1.2892718771106377e-8	-2.6231310050375234e-14	9.51748210224327e-13	1.3177528526828864e-13	1.839061074451128e-14	-4.712746876037799e-14	6.043024582351885e-15	-2.589416815982864e-14	1.6746316179518316e-13	-1.6596028054236884e-14	3.4189912890174975e-14	1.0492197684106273e-11	1.4603538888134876e-10	-8.257785482713643e-15	-1.3286777195030766e-13	-6.866970544652999e-14	8.404413060745224e-14	1.7415554540703403e-6	1.1368005154928816e-8	1.430346727508983e-9	4.853709334325139e-11	5.520610064447572e-13	6.959527945572931e-10	1.512828902478505e-13	3.7017904399341717e-11
-3.5019649370684066e-14	3.4430921165477874e-15	2.131458536393132e-15	1.069272884525613e-8	2.6769542730917105e-14	1.83425190746998e-13	-4.952084539390692e-14	7.62143143667571e-15	3.2302029864992495e-14	2.3034076688778022e-7	-1.8464869475869236e-13	-1.008753567607177e-13	7.046377720176842e-15	-1.1878983769621465e-13	-6.280590339979481e-14	-6.012075956782907e-14	-1.0885803320630644e-14	-3.0645239744260394e-14	-1.2294447390699615e-14	-1.0855225641861014e-13	1.7999102460781414e-14	3.061242060248171e-14	4.485548617440244e-11	1.8842500870501594e-10	3.5432114287127205e-14	6.2932047910172284e-9	-2.623131005037522e-14	4.3435547577426987e-13	4.73745862771722e-14	1.8390610744474354e-14	-5.16592042840385e-14	6.043024582351897e-15	-2.5894168243500767e-14	7.235363070912082e-14	-1.6596028054236884e-14	3.4189912890174975e-14	4.075108375315717e-12	6.074085961615872e-11	-8.257785482741988e-15	-1.3286895479571366e-13	-6.866970544653e-14	8.404413060737338e-14	9.75718703141102e-7	5.431281167358481e-9	6.441505193700278e-10	1.985854312755641e-11	2.0739712242190804e-13	3.0623940408460373e-10	1.2990426689243764e-13	1.5034206496385625e-11
-3.6122649227067097e-14	3.4430921165477874e-15	2.131458536393131e-15	5.1212913523009e-9	-2.0453655851775613e-14	1.83425190746998e-13	-4.952084539390691e-14	7.621431430760554e-15	3.2302029864992495e-14	1.2092459285256686e-7	-1.8464869475869236e-13	-1.008753567607177e-13	-1.3681468650385727e-14	-1.1878983770054586e-13	-6.280847529401275e-14	-6.012075956782907e-14	-1.0885803320630631e-14	-3.0706706811408717e-14	-1.2294447390699615e-14	-1.0855225641861016e-13	1.7999102458025235e-14	3.061234911803379e-14	1.8171852498783185e-11	7.96701203852278e-11	3.5432114287127205e-14	2.930118185939502e-9	-2.6231310050375206e-14	2.421415537774251e-13	1.7819132227455015e-14	1.83906107444675e-14	-5.3193069355256126e-14	6.043024582351916e-15	-2.589416825989536e-14	3.886166175776854e-14	-1.659602805423687e-14	3.4189912890174975e-14	1.5499992066721747e-12	2.491150640182494e-11	-8.257785482747693e-15	-1.3286929166976548e-13	-6.866970544652998e-14	8.404413060735733e-14	5.345016439031456e-7	2.529565552432979e-9	2.8517302698115887e-10	7.993459508258232e-12	8.148644593847565e-14	1.3247758089855675e-10	1.2265495835405074e-13	6.014018646298501e-12
-3.64829111692227e-14	3.4430921165477874e-15	2.1314585363931295e-15	2.4539064180757778e-9	-3.685195160641595e-14	1.83425190746998e-13	-4.9520845393906894e-14	7.621431429696282e-15	3.2302029864992495e-14	6.270063002845649e-8	-1.8464869475869236e-13	-1.008753567607177e-13	-2.0800996710811936e-14	-1.1878983770144296e-13	-6.280916602002774e-14	-6.012075956782907e-14	-1.0885803320630606e-14	-3.0724924949106276e-14	-1.2294447390699615e-14	-1.0855225641861019e-13	1.7999102457401908e-14	3.061232985408013e-14	7.2259028259781756e-12	3.316893278178743e-11	3.5432114287127205e-14	1.389485355840442e-9	-2.623131005037519e-14	1.7177771952586782e-13	7.663045220878532e-15	1.839061074446625e-14	-5.370553159297302e-14	6.043024582351929e-15	-2.589416826297843e-14	2.728914712335549e-14	-1.659602805423687e-14	3.4189912890174975e-14	5.737071175829017e-13	1.0122495920792372e-11	-8.257785482748815e-15	-1.3286938646351348e-13	-6.866970544652998e-14	8.404413060735414e-14	2.9095713168074326e-7	1.172866746192143e-9	1.2429114138098259e-10	3.1692635148370928e-12	3.621425502224244e-14	5.655058995338949e-11	1.2024590160590441e-13	2.37380154479063e-12
-3.6598950130709395e-14	3.4430921165477874e-15	2.1314585363931295e-15	1.1390163500382442e-9	-4.244094158576509e-14	1.83425190746998e-13	-4.952084539390688e-14	7.621431429514943e-15	3.2302029864992495e-14	3.1963897313084955e-8	-1.8464869475869236e-13	-1.008753567607177e-13	-2.3200245972962898e-14	-1.1878983770162598e-13	-6.280934730672242e-14	-6.012075956782907e-14	-1.0885803320630561e-14	-3.073023018265921e-14	-1.2294447390699615e-14	-1.0855225641861021e-13	1.7999102457263646e-14	3.06123247219842e-14	2.813679202770949e-12	1.3617637896290814e-11	3.5432114287127205e-14	6.270157733026426e-10	-2.6231310050375174e-14	1.4638126923594509e-13	4.23869378408141e-15	1.8390610744466018e-14	-5.3874640445894816e-14	6.043024582351935e-15	-2.5894168263531504e-14	2.3365866440918504e-14	-1.659602805423687e-14	3.4189912890174975e-14	2.0282953825183139e-13	4.124437241022286e-12	-8.257785482749031e-15	-1.328694128109454e-13	-6.866970544652998e-14	8.404413060735352e-14	1.5485121907257438e-7	5.296597587137793e-10	5.324463411803813e-11	1.2401170251444921e-12	2.0185719940517118e-14	2.3744143963585818e-11	1.1946151667187865e-13	9.274894914604344e-13
-3.663583170664942e-14	3.4430921165477874e-15	2.1314585363931287e-15	5.291763240481189e-10	-4.4310467555458654e-14	1.83425190746998e-13	-4.9520845393906857e-14	7.6214314294861e-15	3.2302029864992495e-14	1.6092919410545532e-8	-1.8464869475869236e-13	-1.0087535676071769e-13	-2.3993446890745354e-14	-1.1878983770166276e-13	-6.28093937856283e-14	-6.012075956782907e-14	-1.0885803320630524e-14	-3.073174871065243e-14	-1.2294447390699615e-14	-1.0855225641861024e-13	1.7999102457233603e-14	3.061232337021778e-14	1.066471354213788e-12	5.533476693788749e-12	3.5432114287127205e-14	2.8896654085325963e-10	-2.6231310050375174e-14	1.373392066791832e-13	3.10589365516149e-15	1.8390610744465986e-14	-5.392979086948493e-14	6.043024582351954e-15	-2.589416826362526e-14	2.206100552894173e-14	-1.659602805423687e-14	3.4189912890174975e-14	6.440012093265835e-14	1.734271096834174e-12	-8.257785482749072e-15	-1.3286942004086314e-13	-6.866970544652998e-14	8.404413060735339e-14	8.192967035792977e-8	2.3846434103879463e-10	2.2448330584154344e-11	4.818489900428541e-13	1.4595474876104462e-14	9.85044698196511e-12	1.1921135415498873e-13	3.6202646349934e-13
-3.66474065745993e-14	3.4430921165477874e-15	2.131458536393127e-15	2.380931061165034e-10	-4.4924171440665716e-14	1.83425190746998e-13	-4.9520845393906844e-14	7.621431429481934e-15	3.2302029864992495e-14	7.968855822313982e-9	-1.8464869475869236e-13	-1.0087535676071768e-13	-2.4250677455818417e-14	-1.1878983770167006e-13	-6.280940542074967e-14	-6.012075956782907e-14	-1.088580332063048e-14	-3.0732176135155764e-14	-1.2294447390699615e-14	-1.0855225641861026e-13	1.7999102457227223e-14	3.0612323018247015e-14	3.8667064851402554e-13	2.2464318338087748e-12	3.5432114287127205e-14	1.2651625861188265e-10	-2.623131005037516e-14	1.3416149118537973e-13	2.738270316801382e-15	1.8390610744465973e-14	-5.394757489441287e-14	6.043024582351967e-15	-2.5894168263639976e-14	2.1635287258564528e-14	-1.659602805423687e-14	3.4189912890174975e-14	1.3636066318568306e-14	7.985159956125472e-13	-8.25778548274908e-15	-1.328694219982781e-13	-6.866970544652998e-14	8.404413060735335e-14	4.23819815134996e-8	1.0451367580987203e-10	9.293751847455974e-12	1.886579038252301e-13	1.2673823654811577e-14	4.027642607733746e-12	1.1913323027020026e-13	1.4424989924143154e-13
-3.665099568879226e-14	3.4430921165477874e-15	2.1314585363931268e-15	1.0724290794777296e-10	-4.5121857558120215e-14	1.83425190746998e-13	-4.952084539390683e-14	7.621431429481424e-15	3.2302029864992495e-14	3.896530997736637e-9	-1.8464869475869236e-13	-1.0087535676071768e-13	-2.433249276188741e-14	-1.1878983770167147e-13	-6.280940826307448e-14	-6.012075956782907e-14	-1.088580332063046e-14	-3.0732294502720995e-14	-1.2294447390699615e-14	-1.0855225641861028e-13	1.7999102457225895e-14	3.0612322927684616e-14	1.2686810277684315e-13	9.320392847227705e-13	3.5432114287127205e-14	5.6714238248313734e-11	-2.6231310050375146e-14	1.3305859744645512e-13	2.6212468442842613e-15	1.8390610744465967e-14	-5.395324737692452e-14	6.043024582351986e-15	-2.5894168263642027e-14	2.1499058889802596e-14	-1.659602805423687e-14	3.4189912890174975e-14	-4.653342856164437e-15	4.3862526291387623e-13	-8.257785482749081e-15	-1.3286942252073201e-13	-6.866970544652998e-14	8.404413060735334e-14	2.1801345156653653e-8	4.5751157399525133e-11	3.778426370941854e-12	7.720563325956474e-14	1.2022433024668876e-14	1.635195997523952e-12	1.1910934962285192e-13	6.166740287327207e-14
-3.665209586848987e-14	3.4430921165477874e-15	2.131458536393125e-15	4.676520213482682e-11	-4.5184337067614977e-14	1.83425190746998e-13	-4.952084539390682e-14	7.621431429481377e-15	3.2302029864992495e-14	1.874628852548753e-9	-1.8464869475869236e-13	-1.0087535676071768e-13	-2.4358011022254263e-14	-1.1878983770167175e-13	-6.28094089402283e-14	-6.012075956782908e-14	-1.0885803320630467e-14	-3.0732326771051925e-14	-1.22944473906996e-14	-1.085522564186103e-13	1.7999102457225626e-14	3.0612322904671764e-14	2.932878615879831e-14	4.152058037804949e-13	3.5432114287127205e-14	2.4136102302071098e-11	-2.6231310050375143e-14	1.3268032990252948e-13	2.5847126279950363e-15	1.8390610744465955e-14	-5.3955037513183524e-14	6.043024582351992e-15	-2.5894168263642235e-14	2.1456308993871336e-14	-1.659602805423687e-14	3.4189912890174975e-14	-1.1126729496604172e-14	3.02667152262492e-13	-8.257785482749081e-15	-1.3286942265808885e-13	-6.866970544652998e-14	8.404413060735333e-14	1.0965640397907458e-8	1.951256916526086e-11	1.4997541052594913e-12	3.551870872928509e-14	1.1804563121516861e-14	6.616455666936413e-13	1.19102207764346e-13	3.079847618066047e-14
-3.6652429401545156e-14	3.4430921165477874e-15	2.131458536393124e-15	2.0411295226718178e-11	-4.52037098683219e-14	1.83425190746998e-13	-4.9520845393906806e-14	7.62143142948138e-15	3.2302029864992495e-14	8.903685424886332e-10	-1.8464869475869236e-13	-1.0087535676071765e-13	-2.4365814647878405e-14	-1.1878983770167182e-13	-6.28094090974403e-14	-6.01207595678291e-14	-1.0885803320630467e-14	-3.073233543530795e-14	-1.22944473906996e-14	-1.0855225641861031e-13	1.7999102457225573e-14	3.0612322898900886e-14	-6.633717693936287e-15	2.1535454974035365e-13	3.5432114287127205e-14	1.0556966967972958e-11	-2.623131005037513e-14	1.3255206689393864e-13	2.5735282147772684e-15	1.839061074446596e-14	-5.3955596493874955e-14	6.043024582352005e-15	-2.5894168263642216e-14	2.144315513611259e-14	-1.659602805423687e-14	3.418991289017499e-14	-1.337747774624955e-14	2.522238261982483e-13	-8.257785482749081e-15	-1.3286942269362647e-13	-6.866970544652998e-14	8.404413060735333e-14	5.485459520651329e-9	8.352216416950385e-12	5.75679502917903e-13	2.0185446088081435e-14	1.1732621470238297e-14	2.7306240481780117e-13	1.1910011921755683e-13	1.942902701728314e-14
